"category","subcategory","ID","Description","GeneRatio","BgRatio","RichFactor","FoldEnrichment","zScore","pvalue","p.adjust","qvalue","geneID","Count"
"Metabolism","Global and overview maps","ath01240","Biosynthesis of cofactors","218/4731","237/6305",0.919831223628692,1.22585835235234,6.14426240278795,7.80022203805186e-12,1.06083019717505e-09,4.1053800200273e-10,"AT1G01290/AT1G02000/AT1G02500/AT1G02880/AT1G03475/AT1G04640/AT1G06570/AT1G09940/AT1G10060/AT1G10070/AT1G12350/AT1G17710/AT1G18870/AT1G21640/AT1G22020/AT1G23360/AT1G23800/AT1G24360/AT1G26570/AT1G29900/AT1G30520/AT1G30820/AT1G36280/AT1G36370/AT1G44170/AT1G47578/AT1G48030/AT1G48605/AT1G50110/AT1G50170/AT1G50480/AT1G55090/AT1G58290/AT1G60440/AT1G60550/AT1G60600/AT1G64970/AT1G67070/AT1G68890/AT1G69740/AT1G73010/AT1G74710/AT1G74910/AT1G74960/AT1G78590/AT1G78660/AT1G78670/AT1G78680/AT1G79790/AT2G01350/AT2G03690/AT2G04540/AT2G04650/AT2G05990/AT2G17630/AT2G18250/AT2G18950/AT2G20690/AT2G20860/AT2G21550/AT2G22230/AT2G22450/AT2G23420/AT2G26540/AT2G27490/AT2G28880/AT2G29630/AT2G30390/AT2G30920/AT2G31250/AT2G31955/AT2G36880/AT2G37250/AT2G37790/AT2G38230/AT2G39270/AT2G39770/AT2G40490/AT2G43360/AT2G43760/AT2G44050/AT2G44520/AT2G44750/AT2G45790/AT2G46110/AT2G46580/AT2G46740/AT2G46750/AT2G46760/AT3G01820/AT3G02570/AT3G02870/AT3G03250/AT3G03980/AT3G04000/AT3G07270/AT3G10160/AT3G11750/AT3G11945/AT3G12670/AT3G14930/AT3G16050/AT3G16950/AT3G17240/AT3G17390/AT3G18030/AT3G18680/AT3G20330/AT3G21070/AT3G23820/AT3G24030/AT3G24200/AT3G27740/AT3G29360/AT3G47390/AT3G47930/AT3G48000/AT3G48730/AT3G49680/AT3G54470/AT3G55630/AT3G57610/AT3G60180/AT3G61530/AT3G63410/AT4G00110/AT4G01690/AT4G01850/AT4G02120/AT4G03205/AT4G09320/AT4G11010/AT4G11570/AT4G12250/AT4G13180/AT4G13890/AT4G16155/AT4G18440/AT4G20320/AT4G20960/AT4G21470/AT4G22930/AT4G23100/AT4G23660/AT4G25280/AT4G26850/AT4G27270/AT4G29530/AT4G30000/AT4G30570/AT4G31050/AT4G32520/AT4G32770/AT4G33670/AT4G34240/AT4G34570/AT4G35630/AT4G36250/AT4G36750/AT4G36940/AT4G37930/AT5G01410/AT5G01670/AT5G02080/AT5G04620/AT5G05980/AT5G08280/AT5G08340/AT5G08415/AT5G08740/AT5G10160/AT5G11540/AT5G14220/AT5G14760/AT5G15490/AT5G17310/AT5G18210/AT5G20990/AT5G23300/AT5G23330/AT5G26030/AT5G26667/AT5G26710/AT5G27380/AT5G28840/AT5G32470/AT5G35170/AT5G37850/AT5G39320/AT5G40850/AT5G41480/AT5G42370/AT5G46290/AT5G47840/AT5G48840/AT5G48950/AT5G50370/AT5G54500/AT5G54770/AT5G55120/AT5G55810/AT5G56090/AT5G56490/AT5G57300/AT5G57590/AT5G57850/AT5G58800/AT5G59750/AT5G60340/AT5G60540/AT5G62980/AT5G63310/AT5G63400/AT5G63570/AT5G64050/AT5G64300/AT5G65720/AT5G65780",218
"Cellular Processes","Transport and catabolism","ath04144","Endocytosis","148/4731","156/6305",0.948717948717949,1.26435566828718,5.79603356538357,2.97585948262046e-11,2.02358444818191e-09,7.83120916479069e-10,"AT1G01960/AT1G02430/AT1G03950/AT1G06400/AT1G07410/AT1G08270/AT1G09630/AT1G10290/AT1G10600/AT1G10630/AT1G10870/AT1G10900/AT1G13180/AT1G13980/AT1G15130/AT1G16030/AT1G17730/AT1G21980/AT1G22740/AT1G23490/AT1G30825/AT1G47830/AT1G48790/AT1G49300/AT1G52280/AT1G52570/AT1G55180/AT1G59610/AT1G60430/AT1G60860/AT1G60890/AT1G70490/AT1G71790/AT1G73030/AT1G75850/AT1G77140/AT1G77740/AT2G06530/AT2G15310/AT2G17790/AT2G17840/AT2G19830/AT2G21880/AT2G27600/AT2G30910/AT2G31300/AT2G33385/AT2G36680/AT2G37550/AT2G38830/AT2G41210/AT2G42010/AT2G43160/AT2G47170/AT3G03120/AT3G05520/AT3G05630/AT3G07940/AT3G07960/AT3G08530/AT3G09440/AT3G09900/AT3G09920/AT3G10640/AT3G11130/AT3G12400/AT3G12580/AT3G15060/AT3G15730/AT3G16100/AT3G16785/AT3G17660/AT3G18820/AT3G20290/AT3G27000/AT3G46060/AT3G46540/AT3G46830/AT3G47810/AT3G51250/AT3G51310/AT3G53120/AT3G53610/AT3G53710/AT3G54840/AT3G56960/AT3G59290/AT3G60860/AT3G62080/AT3G62290/AT4G00240/AT4G01190/AT4G01710/AT4G05000/AT4G05330/AT4G05520/AT4G09720/AT4G11830/AT4G11840/AT4G11850/AT4G12230/AT4G14147/AT4G16144/AT4G17890/AT4G18800/AT4G19003/AT4G19640/AT4G21160/AT4G21560/AT4G24280/AT4G26750/AT4G27040/AT4G27690/AT4G29160/AT4G35380/AT4G35790/AT4G35985/AT4G38200/AT5G02490/AT5G02500/AT5G03520/AT5G04850/AT5G04920/AT5G06140/AT5G09260/AT5G11710/AT5G13300/AT5G13860/AT5G14670/AT5G17060/AT5G22770/AT5G22780/AT5G22950/AT5G25370/AT5G39500/AT5G44560/AT5G45130/AT5G45750/AT5G46630/AT5G46750/AT5G49910/AT5G53530/AT5G54310/AT5G59150/AT5G59840/AT5G60860/AT5G61980/AT5G63880",148
"Metabolism","Global and overview maps","ath01200","Carbon metabolism","248/4731","275/6305",0.901818181818182,1.20185238561903,5.93367546784202,7.59288088427458e-11,3.44210600087114e-09,1.33208436566221e-09,"AT1G01090/AT1G04410/AT1G06290/AT1G06550/AT1G09420/AT1G09780/AT1G11860/AT1G12550/AT1G12900/AT1G13440/AT1G13700/AT1G16300/AT1G17290/AT1G17650/AT1G17745/AT1G18640/AT1G20620/AT1G20630/AT1G22020/AT1G22170/AT1G22430/AT1G22440/AT1G23310/AT1G24180/AT1G24280/AT1G30120/AT1G32060/AT1G32380/AT1G32440/AT1G32470/AT1G34430/AT1G36370/AT1G42970/AT1G43670/AT1G47840/AT1G48030/AT1G50460/AT1G50480/AT1G53240/AT1G53310/AT1G54220/AT1G54340/AT1G55880/AT1G55920/AT1G56190/AT1G59900/AT1G62800/AT1G63290/AT1G64190/AT1G67090/AT1G68010/AT1G70580/AT1G71100/AT1G72330/AT1G74030/AT1G78050/AT1G79530/AT1G79550/AT1G79750/AT1G80380/AT2G01140/AT2G01290/AT2G05710/AT2G13360/AT2G13560/AT2G14170/AT2G16790/AT2G17130/AT2G17630/AT2G17640/AT2G19860/AT2G19900/AT2G20420/AT2G21170/AT2G21330/AT2G22480/AT2G22780/AT2G24270/AT2G26080/AT2G29560/AT2G30650/AT2G30660/AT2G30970/AT2G34590/AT2G35120/AT2G35370/AT2G35390/AT2G36460/AT2G36530/AT2G36580/AT2G38040/AT2G41530/AT2G42600/AT2G42790/AT2G43750/AT2G44160/AT2G44350/AT2G44530/AT2G46505/AT2G47510/AT3G01850/AT3G02360/AT3G03910/AT3G04050/AT3G04120/AT3G04790/AT3G04940/AT3G06690/AT3G08590/AT3G08860/AT3G09810/AT3G10050/AT3G12780/AT3G13110/AT3G13930/AT3G14130/AT3G14150/AT3G14415/AT3G14420/AT3G14940/AT3G15020/AT3G15290/AT3G16910/AT3G16950/AT3G17240/AT3G19480/AT3G20040/AT3G21720/AT3G22460/AT3G22960/AT3G24360/AT3G25530/AT3G25860/AT3G26650/AT3G27300/AT3G27380/AT3G47520/AT3G49160/AT3G49360/AT3G50520/AT3G51840/AT3G52200/AT3G52930/AT3G52990/AT3G54050/AT3G55410/AT3G55440/AT3G55800/AT3G58750/AT3G59760/AT3G59970/AT3G60510/AT3G60750/AT3G61440/AT4G00570/AT4G13360/AT4G13890/AT4G14880/AT4G15530/AT4G16155/AT4G16760/AT4G18360/AT4G20930/AT4G24620/AT4G26270/AT4G26520/AT4G26530/AT4G26910/AT4G26970/AT4G29130/AT4G29220/AT4G31810/AT4G32210/AT4G32520/AT4G32840/AT4G33010/AT4G34200/AT4G35090/AT4G35260/AT4G35630/AT4G35640/AT4G35830/AT4G37550/AT4G37560/AT4G37930/AT4G38970/AT4G39660/AT5G03290/AT5G03690/AT5G03860/AT5G07440/AT5G08300/AT5G08570/AT5G09600/AT5G09660/AT5G11520/AT5G11670/AT5G13110/AT5G13420/AT5G14590/AT5G14780/AT5G15530/AT5G16390/AT5G18170/AT5G19550/AT5G23250/AT5G24400/AT5G24420/AT5G25880/AT5G28020/AT5G28030/AT5G35360/AT5G35790/AT5G36700/AT5G36790/AT5G36880/AT5G38410/AT5G38420/AT5G38430/AT5G40650/AT5G40760/AT5G41670/AT5G42250/AT5G42740/AT5G43940/AT5G44520/AT5G47760/AT5G47810/AT5G48230/AT5G50850/AT5G50950/AT5G52920/AT5G55070/AT5G56350/AT5G56630/AT5G56720/AT5G56760/AT5G58330/AT5G61410/AT5G61580/AT5G63680/AT5G64380/AT5G65110/AT5G65165/AT5G65690/AT5G65750/AT5G65940/AT5G66760",248
"Metabolism","Nucleotide metabolism","ath00230","Purine metabolism","91/4731","95/6305",0.957894736842105,1.2765855666433,4.70898956357221,5.34720949858509e-08,1.81805122951893e-06,7.03580197182248e-07,"AT1G09830/AT1G14230/AT1G14240/AT1G14250/AT1G16350/AT1G17750/AT1G19920/AT1G23190/AT1G26160/AT1G27450/AT1G30110/AT1G31220/AT1G32380/AT1G36280/AT1G54130/AT1G63660/AT1G67550/AT1G70730/AT1G71750/AT1G72880/AT1G73080/AT1G74260/AT1G79470/AT1G80050/AT2G02220/AT2G02970/AT2G04450/AT2G14750/AT2G16570/AT2G21790/AT2G23820/AT2G26230/AT2G35040/AT2G35390/AT2G37250/AT2G37690/AT2G38280/AT2G39270/AT2G41880/AT2G44530/AT3G01820/AT3G03900/AT3G04080/AT3G06200/AT3G09820/AT3G14050/AT3G17470/AT3G21110/AT3G22890/AT3G23580/AT3G27060/AT3G55010/AT3G57550/AT3G57610/AT4G04955/AT4G09320/AT4G11010/AT4G11980/AT4G12440/AT4G12720/AT4G13720/AT4G14680/AT4G14930/AT4G17050/AT4G18440/AT4G20070/AT4G22570/AT4G24730/AT4G25434/AT4G29680/AT4G34740/AT4G34890/AT4G34900/AT4G39940/AT5G03300/AT5G11160/AT5G18280/AT5G35170/AT5G43600/AT5G43780/AT5G47650/AT5G47840/AT5G50370/AT5G51820/AT5G58220/AT5G58240/AT5G60340/AT5G63310/AT5G63400/AT5G66005/AT5G67520",91
"Metabolism","Global and overview maps","ath01230","Biosynthesis of amino acids","214/4731","242/6305",0.884297520661157,1.17850261419755,4.90897354820479,9.91946211414718e-08,2.69809369504803e-06,1.04415390675234e-06,"AT1G02500/AT1G07780/AT1G08630/AT1G09780/AT1G09795/AT1G10060/AT1G10070/AT1G11790/AT1G13440/AT1G14810/AT1G15710/AT1G16300/AT1G17290/AT1G17745/AT1G18640/AT1G22020/AT1G22170/AT1G22410/AT1G23310/AT1G25220/AT1G29410/AT1G31180/AT1G31230/AT1G31860/AT1G32380/AT1G32440/AT1G36370/AT1G44820/AT1G48470/AT1G48850/AT1G48860/AT1G50110/AT1G54340/AT1G55880/AT1G55920/AT1G56190/AT1G58080/AT1G62800/AT1G63290/AT1G66200/AT1G69370/AT1G70580/AT1G71100/AT1G72330/AT1G72810/AT1G74030/AT1G74040/AT1G78050/AT1G79530/AT1G79550/AT1G80600/AT2G01140/AT2G01290/AT2G04400/AT2G05710/AT2G13810/AT2G17130/AT2G17265/AT2G17630/AT2G17640/AT2G19940/AT2G21170/AT2G21330/AT2G21940/AT2G22250/AT2G22480/AT2G22910/AT2G27820/AT2G29560/AT2G29690/AT2G30970/AT2G31810/AT2G35390/AT2G36230/AT2G36460/AT2G36530/AT2G36580/AT2G36880/AT2G37500/AT2G39800/AT2G42790/AT2G43090/AT2G43750/AT2G44040/AT2G44350/AT2G44530/AT2G45300/AT2G45440/AT3G01850/AT3G02020/AT3G03630/AT3G03780/AT3G04050/AT3G04120/AT3G04520/AT3G04790/AT3G04940/AT3G06350/AT3G07630/AT3G08590/AT3G09810/AT3G10050/AT3G12780/AT3G13110/AT3G14390/AT3G17390/AT3G17820/AT3G19480/AT3G22425/AT3G22460/AT3G22960/AT3G23940/AT3G29200/AT3G44720/AT3G47340/AT3G48560/AT3G49160/AT3G49680/AT3G50520/AT3G52930/AT3G52990/AT3G53580/AT3G54640/AT3G55440/AT3G55610/AT3G57560/AT3G58610/AT3G58750/AT3G59760/AT3G59890/AT3G60750/AT3G61440/AT4G01850/AT4G02610/AT4G08870/AT4G08900/AT4G13430/AT4G13890/AT4G14880/AT4G17830/AT4G19710/AT4G24830/AT4G26270/AT4G26520/AT4G26530/AT4G26900/AT4G26970/AT4G27070/AT4G29220/AT4G29840/AT4G31990/AT4G32520/AT4G32840/AT4G33510/AT4G33680/AT4G34200/AT4G35260/AT4G35630/AT4G35640/AT4G35830/AT4G37670/AT4G37930/AT4G38220/AT4G38970/AT4G39120/AT4G39540/AT4G39980/AT5G03290/AT5G03690/AT5G05590/AT5G05730/AT5G08570/AT5G10240/AT5G10330/AT5G10870/AT5G10920/AT5G11520/AT5G11880/AT5G13280/AT5G13420/AT5G14060/AT5G14590/AT5G14800/AT5G16290/AT5G16570/AT5G17920/AT5G17990/AT5G19550/AT5G20980/AT5G22630/AT5G28020/AT5G28030/AT5G28237/AT5G34930/AT5G35630/AT5G37600/AT5G38530/AT5G44520/AT5G47810/AT5G48220/AT5G52920/AT5G53460/AT5G54810/AT5G56350/AT5G56630/AT5G56760/AT5G57890/AT5G61410/AT5G61580/AT5G63680/AT5G63890/AT5G65010/AT5G65780/AT5G66120",214
"Cellular Processes","Transport and catabolism","ath04142","Lysosome","173/4731","193/6305",0.896373056994819,1.19459567202543,4.75994978246255,1.89148932174637e-07,4.28737579595844e-06,1.65920115942664e-06,"AT1G02300/AT1G02305/AT1G02630/AT1G04750/AT1G04760/AT1G05590/AT1G10730/AT1G12470/AT1G12840/AT1G13170/AT1G14700/AT1G15960/AT1G17340/AT1G19910/AT1G20260/AT1G22620/AT1G22740/AT1G23900/AT1G25230/AT1G31730/AT1G34260/AT1G42470/AT1G47240/AT1G47830/AT1G48090/AT1G48760/AT1G49300/AT1G50030/AT1G52280/AT1G56590/AT1G60070/AT1G60780/AT1G62200/AT1G62710/AT1G64200/AT1G65590/AT1G67830/AT1G70330/AT1G71010/AT1G72990/AT1G75630/AT1G75850/AT1G76030/AT1G78900/AT1G79190/AT1G80830/AT2G01880/AT2G01890/AT2G02020/AT2G02040/AT2G05170/AT2G15230/AT2G16510/AT2G17380/AT2G17790/AT2G19790/AT2G20790/AT2G21430/AT2G21880/AT2G23150/AT2G25610/AT2G25730/AT2G25940/AT2G28100/AT2G28520/AT2G30330/AT2G31020/AT2G32670/AT2G33110/AT2G33120/AT2G38020/AT2G46560/AT3G01390/AT3G08530/AT3G08560/AT3G08850/AT3G09300/AT3G11130/AT3G11900/AT3G14205/AT3G14270/AT3G15160/AT3G16100/AT3G17790/AT3G18140/AT3G18820/AT3G19870/AT3G24890/AT3G27170/AT3G28710/AT3G28715/AT3G29130/AT3G42050/AT3G43220/AT3G45310/AT3G47810/AT3G48470/AT3G49860/AT3G49870/AT3G50860/AT3G51310/AT3G51730/AT3G54140/AT3G54300/AT3G54860/AT3G55260/AT3G55480/AT3G58730/AT4G01610/AT4G02620/AT4G05110/AT4G05120/AT4G05130/AT4G08180/AT4G09720/AT4G11150/AT4G11270/AT4G11380/AT4G12460/AT4G16190/AT4G17140/AT4G17470/AT4G17480/AT4G17483/AT4G22050/AT4G23460/AT4G23710/AT4G24550/AT4G25950/AT4G26710/AT4G27690/AT4G32150/AT4G32530/AT4G32940/AT4G33240/AT4G34720/AT4G35410/AT4G36630/AT4G38350/AT4G38510/AT4G38920/AT4G39090/AT4G39420/AT5G01180/AT5G01770/AT5G01800/AT5G02100/AT5G06260/AT5G07880/AT5G11150/AT5G13190/AT5G13690/AT5G20840/AT5G22360/AT5G22770/AT5G22780/AT5G26240/AT5G33280/AT5G37680/AT5G40670/AT5G40890/AT5G46630/AT5G47330/AT5G47350/AT5G49550/AT5G49890/AT5G53530/AT5G55290/AT5G59420/AT5G60360/AT5G61540/AT5G65990/AT5G67330",173
"Cellular Processes","Transport and catabolism","ath04145","Phagosome","83/4731","87/6305",0.954022988505747,1.27142569066344,4.41944192510377,3.8922815879472e-07,7.56214708515457e-06,2.92652750973474e-06,"AT1G04820/AT1G08450/AT1G09210/AT1G11890/AT1G12840/AT1G19910/AT1G20010/AT1G20090/AT1G20260/AT1G22740/AT1G29310/AT1G34260/AT1G49300/AT1G50010/AT1G51740/AT1G52280/AT1G56340/AT1G60490/AT1G64200/AT1G64740/AT1G71010/AT1G75630/AT1G75780/AT1G75840/AT1G76030/AT1G78720/AT1G78900/AT2G16510/AT2G17800/AT2G18710/AT2G21880/AT2G25610/AT2G28520/AT2G29550/AT2G34250/AT2G44690/AT2G45070/AT3G01390/AT3G08560/AT3G14270/AT3G16100/AT3G18820/AT3G28710/AT3G28715/AT3G42050/AT3G48040/AT3G48570/AT3G51300/AT3G54840/AT3G58730/AT3G60540/AT4G02620/AT4G09720/AT4G11150/AT4G14960/AT4G19640/AT4G20890/AT4G23710/AT4G24920/AT4G25950/AT4G26710/AT4G28950/AT4G32530/AT4G33240/AT4G34720/AT4G35020/AT4G35950/AT4G38510/AT4G38920/AT5G07340/AT5G12250/AT5G19770/AT5G19780/AT5G23860/AT5G45130/AT5G45970/AT5G50460/AT5G52270/AT5G55290/AT5G60460/AT5G61790/AT5G62690/AT5G62700",83
"Genetic Information Processing","Folding, sorting and degradation","ath03018","RNA degradation","106/4731","114/6305",0.929824561403509,1.23917646578929,4.46758351876062,5.31550881299414e-07,9.03636498209005e-06,3.49704527170667e-06,"AT1G02080/AT1G03330/AT1G03360/AT1G03905/AT1G06450/AT1G06670/AT1G07705/AT1G08370/AT1G15920/AT1G19120/AT1G21190/AT1G26230/AT1G27890/AT1G31500/AT1G48650/AT1G49760/AT1G54440/AT1G55490/AT1G55870/AT1G59760/AT1G60080/AT1G61470/AT1G65700/AT1G71770/AT1G74030/AT1G75660/AT1G76630/AT1G76860/AT1G79090/AT1G80780/AT2G01130/AT2G03870/AT2G06990/AT2G17510/AT2G22480/AT2G23350/AT2G25355/AT2G28000/AT2G28540/AT2G29560/AT2G30800/AT2G32070/AT2G32550/AT2G33210/AT2G35920/AT2G36530/AT2G43810/AT2G45810/AT3G03710/AT3G07750/AT3G12990/AT3G13290/AT3G13300/AT3G13470/AT3G13860/AT3G14080/AT3G20800/AT3G22270/AT3G23990/AT3G25430/AT3G44260/AT3G45630/AT3G46210/AT3G46960/AT3G52150/AT3G58560/AT3G58580/AT3G59810/AT3G60500/AT3G61240/AT3G61620/AT4G00660/AT4G14990/AT4G26270/AT4G27490/AT4G29220/AT4G29830/AT4G32175/AT4G32840/AT4G34110/AT4G37910/AT5G02270/AT5G04895/AT5G09590/AT5G12980/AT5G13570/AT5G14580/AT5G18230/AT5G18820/AT5G22250/AT5G25080/AT5G27720/AT5G35430/AT5G35910/AT5G38890/AT5G42540/AT5G44110/AT5G47810/AT5G48870/AT5G53770/AT5G56500/AT5G56630/AT5G59460/AT5G59710/AT5G60170/AT5G61580",106
"Metabolism","Carbohydrate metabolism","ath00010","Glycolysis / Gluconeogenesis","110/4731","119/6305",0.92436974789916,1.23190684009812,4.42755835082236,7.53476284752718e-07,1.13858638584855e-05,4.40629406288139e-06,"AT1G01090/AT1G09780/AT1G09870/AT1G12000/AT1G13440/AT1G16300/AT1G20950/AT1G22170/AT1G22430/AT1G22440/AT1G23190/AT1G23800/AT1G24180/AT1G30120/AT1G32440/AT1G32780/AT1G34430/AT1G43670/AT1G44170/AT1G47840/AT1G48030/AT1G50460/AT1G54100/AT1G54220/AT1G56190/AT1G59900/AT1G64710/AT1G70730/AT1G74030/AT1G76550/AT1G77120/AT1G78050/AT1G79530/AT1G79550/AT2G01140/AT2G19860/AT2G21170/AT2G21330/AT2G22480/AT2G24270/AT2G29560/AT2G34590/AT2G36460/AT2G36530/AT2G36580/AT2G37790/AT3G01260/AT3G01590/AT3G04050/AT3G04120/AT3G08590/AT3G12780/AT3G13930/AT3G16910/AT3G16950/AT3G17240/AT3G17940/AT3G20040/AT3G22960/AT3G25860/AT3G47800/AT3G48000/AT3G49160/AT3G50520/AT3G52200/AT3G52930/AT3G52990/AT3G54050/AT3G55440/AT3G61610/AT4G15530/AT4G16155/AT4G17260/AT4G23730/AT4G24620/AT4G25900/AT4G26270/AT4G26520/AT4G26530/AT4G29130/AT4G29220/AT4G32840/AT4G33070/AT4G34240/AT4G36250/AT4G38970/AT5G01320/AT5G01330/AT5G01670/AT5G03690/AT5G08570/AT5G14500/AT5G24760/AT5G36880/AT5G42250/AT5G42740/AT5G43940/AT5G47810/AT5G50850/AT5G51820/AT5G52920/AT5G54960/AT5G56350/AT5G56630/AT5G57330/AT5G61580/AT5G63680/AT5G64380/AT5G65690/AT5G66530",110
"Cellular Processes","Cell motility","ath04814","Motor proteins","78/4731","82/6305",0.951219512195122,1.2676894999768,4.2298072224074,1.32212382849223e-06,1.78131372160862e-05,6.89362895359371e-06,"AT1G04160/AT1G04600/AT1G04820/AT1G08730/AT1G17580/AT1G18370/AT1G18550/AT1G20010/AT1G21730/AT1G23220/AT1G49240/AT1G50010/AT1G54560/AT1G59540/AT1G64740/AT1G71790/AT1G75780/AT2G20290/AT2G21300/AT2G21380/AT2G28620/AT2G29550/AT2G31900/AT2G33240/AT2G36200/AT2G37420/AT2G37620/AT2G42090/AT2G42170/AT3G05520/AT3G10180/AT3G12020/AT3G12110/AT3G16060/AT3G16120/AT3G16630/AT3G17360/AT3G18780/AT3G19050/AT3G20150/AT3G23670/AT3G43210/AT3G44050/AT3G45850/AT3G46520/AT3G49650/AT3G51150/AT3G53750/AT3G58160/AT3G61650/AT4G14150/AT4G14960/AT4G15930/AT4G20890/AT4G24170/AT4G27360/AT4G27370/AT4G28710/AT4G33200/AT4G38950/AT4G39050/AT5G02370/AT5G05620/AT5G06670/AT5G09810/AT5G12250/AT5G19770/AT5G19780/AT5G20110/AT5G20490/AT5G23860/AT5G23910/AT5G42490/AT5G43900/AT5G54280/AT5G62690/AT5G62700/AT5G66310",78
"Metabolism","Metabolism of cofactors and vitamins","ath00860","Porphyrin metabolism","56/4731","57/6305",0.982456140350877,1.30931852989057,4.06682108994271,1.44076845130109e-06,1.78131372160862e-05,6.89362895359371e-06,"AT1G03475/AT1G03630/AT1G04620/AT1G08520/AT1G09940/AT1G19670/AT1G44000/AT1G44446/AT1G50170/AT1G58290/AT1G58300/AT1G69720/AT1G69740/AT1G74470/AT2G26540/AT2G26670/AT2G30390/AT2G31250/AT2G40300/AT2G40490/AT2G44520/AT3G09150/AT3G11050/AT3G14930/AT3G44880/AT3G48730/AT3G51820/AT3G56090/AT3G56940/AT4G01690/AT4G03205/AT4G03240/AT4G11910/AT4G11911/AT4G13250/AT4G16690/AT4G18480/AT4G22920/AT4G25080/AT4G27440/AT4G37000/AT5G01600/AT5G04900/AT5G08280/AT5G13630/AT5G14220/AT5G18660/AT5G26030/AT5G26710/AT5G40850/AT5G43860/AT5G45930/AT5G54190/AT5G56090/AT5G63570/AT5G64050",56
"Genetic Information Processing","Folding, sorting and degradation","ath03060","Protein export","60/4731","62/6305",0.967741935483871,1.28970892057193,3.97414087175202,3.95209759831288e-06,4.47904394475459e-05,1.73337613961091e-05,"AT1G01910/AT1G06870/AT1G09080/AT1G15310/AT1G21650/AT1G23465/AT1G24490/AT1G29310/AT1G29960/AT1G48160/AT1G48900/AT1G52600/AT1G53530/AT1G67650/AT1G67680/AT1G78720/AT1G79940/AT2G01110/AT2G18710/AT2G18770/AT2G22425/AT2G28800/AT2G30440/AT2G34250/AT2G39960/AT2G43640/AT2G45070/AT2G45770/AT2G46470/AT3G05230/AT3G08980/AT3G10350/AT3G15710/AT3G20920/AT3G24590/AT3G48570/AT3G49100/AT3G60540/AT4G01800/AT4G04200/AT4G08320/AT4G16444/AT4G21180/AT4G24920/AT4G30500/AT4G30600/AT4G40042/AT5G03940/AT5G05670/AT5G27430/AT5G28540/AT5G28750/AT5G42020/AT5G49500/AT5G50460/AT5G60460/AT5G60730/AT5G61970/AT5G62050/AT5G63220",60
"Genetic Information Processing","Translation","ath03015","mRNA surveillance pathway","108/4731","119/6305",0.907563025210084,1.20950853391452,3.99993056914276,1.0145741208912e-05,0.000106140061877849,4.10758753397249e-05,"AT1G02140/AT1G03960/AT1G10430/AT1G11400/AT1G12920/AT1G13120/AT1G13190/AT1G13320/AT1G13460/AT1G15200/AT1G16610/AT1G17720/AT1G17760/AT1G17980/AT1G18070/AT1G25490/AT1G27595/AT1G30460/AT1G33980/AT1G49760/AT1G51380/AT1G51510/AT1G51690/AT1G54450/AT1G58470/AT1G59830/AT1G61010/AT1G64040/AT1G66260/AT1G66500/AT1G69960/AT1G71770/AT1G71800/AT1G73820/AT2G13540/AT2G23350/AT2G25850/AT2G29210/AT2G29400/AT2G33410/AT2G36480/AT2G39260/AT2G39840/AT2G42500/AT2G45640/AT3G04680/AT3G05580/AT3G07810/AT3G09100/AT3G19760/AT3G20650/AT3G21650/AT3G25800/AT3G26020/AT3G26030/AT3G26618/AT3G46820/AT3G52150/AT3G52210/AT3G53110/AT3G54930/AT3G58500/AT4G04885/AT4G11240/AT4G14300/AT4G15415/AT4G25550/AT4G27650/AT4G29820/AT4G32850/AT4G34110/AT4G36960/AT4G39680/AT5G01290/AT5G01400/AT5G02530/AT5G03470/AT5G10350/AT5G10630/AT5G11170/AT5G11200/AT5G14530/AT5G18440/AT5G18580/AT5G19400/AT5G23880/AT5G25510/AT5G27840/AT5G28850/AT5G28900/AT5G37720/AT5G43380/AT5G43620/AT5G44090/AT5G44200/AT5G47010/AT5G47620/AT5G47880/AT5G51120/AT5G51660/AT5G55550/AT5G55670/AT5G58470/AT5G59160/AT5G59950/AT5G60940/AT5G65260/AT5G66240",108
"Genetic Information Processing","Translation","ath03013","Nucleocytoplasmic transport","96/4731","105/6305",0.914285714285714,1.21846785638796,3.91352907261619,1.44215634966021e-05,0.000140095188252706,5.42164041225644e-05,"AT1G02140/AT1G02690/AT1G07920/AT1G07930/AT1G07940/AT1G09270/AT1G10390/AT1G11400/AT1G12930/AT1G13120/AT1G14850/AT1G15200/AT1G16610/AT1G24310/AT1G24706/AT1G26170/AT1G33410/AT1G33980/AT1G45233/AT1G51380/AT1G51510/AT1G55540/AT1G59660/AT1G64350/AT1G66260/AT1G72560/AT1G73240/AT1G75340/AT1G79280/AT1G80670/AT1G80680/AT2G03820/AT2G05120/AT2G13540/AT2G16950/AT2G19430/AT2G29210/AT2G30050/AT2G31660/AT2G32790/AT2G39260/AT2G41620/AT2G45000/AT2G45640/AT2G46520/AT3G01340/AT3G02420/AT3G02950/AT3G03110/AT3G04490/AT3G05040/AT3G06720/AT3G08943/AT3G08947/AT3G08960/AT3G14120/AT3G16310/AT3G19760/AT3G20430/AT3G53110/AT3G56900/AT3G57350/AT3G59020/AT3G63130/AT4G02150/AT4G24880/AT4G27640/AT4G27960/AT4G30840/AT4G32910/AT4G37130/AT4G38760/AT4G39680/AT5G02530/AT5G03070/AT5G05680/AT5G06120/AT5G09860/AT5G11170/AT5G11200/AT5G16790/AT5G17020/AT5G19320/AT5G19820/AT5G20010/AT5G20020/AT5G37720/AT5G40480/AT5G42920/AT5G44200/AT5G47010/AT5G51200/AT5G53480/AT5G55190/AT5G59950/AT5G62600",96
"Genetic Information Processing","Folding, sorting and degradation","ath03050","Proteasome","58/4731","61/6305",0.950819672131147,1.26715663343625,3.63480941785145,3.58062186949871e-05,0.000324643049501216,0.00012563585507013,"AT1G04810/AT1G09100/AT1G13060/AT1G16470/AT1G20200/AT1G21720/AT1G29150/AT1G45000/AT1G47250/AT1G53750/AT1G53780/AT1G56450/AT1G64520/AT1G64750/AT1G67250/AT1G75990/AT1G77440/AT1G79210/AT2G05840/AT2G20580/AT2G26590/AT2G27020/AT2G32730/AT3G05530/AT3G11270/AT3G13330/AT3G14290/AT3G22110/AT3G22630/AT3G26340/AT3G27430/AT3G51260/AT3G53970/AT3G60820/AT4G14800/AT4G15165/AT4G19006/AT4G24820/AT4G28470/AT4G29040/AT4G31300/AT4G38630/AT5G05780/AT5G09900/AT5G19990/AT5G20000/AT5G23540/AT5G35590/AT5G40580/AT5G42040/AT5G42790/AT5G43010/AT5G45010/AT5G45620/AT5G57950/AT5G58290/AT5G64760/AT5G66140",58
"Genetic Information Processing","Folding, sorting and degradation","ath04141","Protein processing in endoplasmic reticulum","188/4731","220/6305",0.854545454545454,1.13885205895352,3.63425657986971,9.20799538768265e-05,0.000782679607953025,0.00030289458512114,"AT1G02620/AT1G04850/AT1G04980/AT1G05520/AT1G07400/AT1G08450/AT1G09080/AT1G09180/AT1G09210/AT1G10230/AT1G11905/AT1G16030/AT1G16190/AT1G17280/AT1G18260/AT1G18830/AT1G19310/AT1G20140/AT1G21750/AT1G24320/AT1G27520/AT1G29310/AT1G30000/AT1G32210/AT1G34130/AT1G35620/AT1G36340/AT1G51590/AT1G52260/AT1G52560/AT1G53540/AT1G54050/AT1G56330/AT1G56340/AT1G59860/AT1G61790/AT1G64230/AT1G65040/AT1G67490/AT1G71220/AT1G72280/AT1G73570/AT1G75950/AT1G76400/AT1G77350/AT1G77510/AT1G78720/AT1G79650/AT1G79940/AT2G01470/AT2G01650/AT2G01720/AT2G04030/AT2G16595/AT2G16740/AT2G17190/AT2G17200/AT2G17520/AT2G18710/AT2G21160/AT2G21270/AT2G21630/AT2G23780/AT2G29070/AT2G29500/AT2G30050/AT2G32920/AT2G34250/AT2G35520/AT2G38960/AT2G40290/AT2G43210/AT2G45070/AT2G47470/AT2G47970/AT3G01340/AT3G07100/AT3G07190/AT3G07370/AT3G07770/AT3G08690/AT3G08700/AT3G09350/AT3G09440/AT3G09840/AT3G12580/AT3G16090/AT3G16110/AT3G17000/AT3G18860/AT3G20450/AT3G20920/AT3G21160/AT3G21660/AT3G23660/AT3G44110/AT3G44340/AT3G46460/AT3G48570/AT3G51980/AT3G52190/AT3G53230/AT3G53800/AT3G54130/AT3G54960/AT3G55380/AT3G57340/AT3G58030/AT3G60010/AT3G60540/AT3G62560/AT3G62600/AT3G63000/AT3G63460/AT4G02080/AT4G02570/AT4G03510/AT4G04210/AT4G04860/AT4G14160/AT4G15410/AT4G16660/AT4G20310/AT4G21150/AT4G21180/AT4G21810/AT4G21870/AT4G22150/AT4G24190/AT4G24280/AT4G24920/AT4G25200/AT4G25230/AT4G27470/AT4G28270/AT4G29330/AT4G29870/AT4G32640/AT4G32670/AT4G34100/AT4G38930/AT5G02150/AT5G02490/AT5G02500/AT5G03160/AT5G03340/AT5G05470/AT5G05750/AT5G07340/AT5G12020/AT5G12030/AT5G14030/AT5G15400/AT5G19660/AT5G19690/AT5G20970/AT5G22060/AT5G28540/AT5G35080/AT5G37670/AT5G38470/AT5G41700/AT5G42020/AT5G42570/AT5G43670/AT5G43710/AT5G48660/AT5G49060/AT5G49570/AT5G49910/AT5G50430/AT5G50460/AT5G51440/AT5G51450/AT5G52640/AT5G53300/AT5G56000/AT5G56010/AT5G56030/AT5G56150/AT5G56360/AT5G59300/AT5G59720/AT5G60460/AT5G60640/AT5G61790/AT5G63840/AT5G66680",188
"Cellular Processes","Transport and catabolism","ath04136","Autophagy - other","40/4731","41/6305",0.975609756097561,1.30019435895056,3.34311097354425,0.00010866598838583,0.000825313316812633,0.000319393698456901,"AT1G10430/AT1G50030/AT1G54210/AT1G59830/AT1G60490/AT1G62040/AT1G69960/AT2G05630/AT2G31260/AT2G37840/AT2G42500/AT2G44140/AT2G45170/AT3G06420/AT3G07525/AT3G08850/AT3G13970/AT3G15580/AT3G18140/AT3G18770/AT3G19190/AT3G49590/AT3G53930/AT3G58500/AT3G59950/AT3G60640/AT3G61710/AT4G04620/AT4G16520/AT4G21980/AT4G29380/AT4G30510/AT4G30790/AT5G01770/AT5G17290/AT5G45900/AT5G50230/AT5G53000/AT5G61500/AT5G66930",40
"Metabolism","Amino acid metabolism","ath00260","Glycine, serine and threonine metabolism","65/4731","70/6305",0.928571428571429,1.23750641664402,3.46408349012379,0.00010923264487226,0.000825313316812633,0.000319393698456901,"AT1G08630/AT1G09780/AT1G11860/AT1G12550/AT1G14810/AT1G17745/AT1G18640/AT1G22020/AT1G22170/AT1G23310/AT1G31230/AT1G31690/AT1G31710/AT1G32470/AT1G36370/AT1G48030/AT1G54100/AT1G62810/AT1G68010/AT1G70580/AT1G72810/AT1G74920/AT1G78050/AT1G80380/AT2G13360/AT2G17265/AT2G17630/AT2G24580/AT2G26080/AT2G35120/AT2G35370/AT2G42490/AT3G02020/AT3G04520/AT3G08590/AT3G08860/AT3G10050/AT3G16950/AT3G17240/AT3G19480/AT3G43670/AT3G48170/AT3G50520/AT3G54640/AT4G02610/AT4G11640/AT4G12290/AT4G13890/AT4G14940/AT4G16155/AT4G19710/AT4G27070/AT4G29840/AT4G29890/AT4G32520/AT4G33010/AT4G34200/AT4G35630/AT4G37930/AT4G39660/AT5G13280/AT5G14060/AT5G28237/AT5G38530/AT5G54810",65
"Metabolism","Lipid metabolism","ath00564","Glycerophospholipid metabolism","89/4731","99/6305",0.898989898989899,1.19808313530571,3.4438277835187,0.000154880084843817,0.00110861534414522,0.000429030705938551,"AT1G02390/AT1G06520/AT1G07230/AT1G12640/AT1G13560/AT1G15080/AT1G15110/AT1G32200/AT1G43710/AT1G48600/AT1G52570/AT1G55180/AT1G62430/AT1G63050/AT1G68000/AT1G71697/AT1G73600/AT1G74210/AT1G74320/AT1G75020/AT1G78690/AT1G80860/AT1G80950/AT2G01180/AT2G06925/AT2G18730/AT2G20900/AT2G26830/AT2G26870/AT2G32260/AT2G38110/AT2G38670/AT2G39290/AT2G40690/AT2G41540/AT2G42010/AT2G45150/AT2G45670/AT3G02040/AT3G03310/AT3G03530/AT3G05510/AT3G05630/AT3G07690/AT3G09560/AT3G10370/AT3G11430/AT3G15650/AT3G15730/AT3G16785/AT3G18000/AT3G18850/AT3G25585/AT3G48610/AT3G55030/AT3G57140/AT3G57650/AT3G58830/AT3G60620/AT4G00240/AT4G00400/AT4G01950/AT4G04870/AT4G09760/AT4G11830/AT4G11840/AT4G11850/AT4G15130/AT4G16700/AT4G19860/AT4G22340/AT4G24730/AT4G25970/AT4G30340/AT4G30580/AT4G35790/AT4G38570/AT5G04040/AT5G06090/AT5G07920/AT5G08030/AT5G20060/AT5G25370/AT5G40610/AT5G41080/AT5G42870/AT5G57190/AT5G60620/AT5G63770",89
"Cellular Processes","Transport and catabolism","ath04148","Efferocytosis","50/4731","53/6305",0.943396226415094,1.25726341313616,3.26053367166303,0.00024233075385892,0.00164784912624066,0.000637712510155053,"AT1G07880/AT1G08450/AT1G09210/AT1G10130/AT1G12470/AT1G16360/AT1G20090/AT1G22740/AT1G22860/AT1G49300/AT1G52280/AT1G54320/AT1G56340/AT1G59820/AT1G75840/AT1G79450/AT2G04550/AT2G05170/AT2G15230/AT2G17800/AT2G21880/AT2G38020/AT2G44690/AT3G12740/AT3G16100/AT3G18820/AT3G48040/AT3G51300/AT3G54840/AT3G54860/AT4G00800/AT4G08870/AT4G08900/AT4G09720/AT4G19640/AT4G21534/AT4G21540/AT4G28950/AT4G35020/AT4G35950/AT4G36630/AT4G36850/AT5G04930/AT5G13430/AT5G13440/AT5G27650/AT5G45130/AT5G45970/AT5G46150/AT5G56580",50
"Metabolism","Global and overview maps","ath01232","Nucleotide metabolism","76/4731","84/6305",0.904761904761905,1.20577548288392,3.29143576656883,0.000287756990522076,0.0018635690814763,0.000721195464967609,"AT1G05620/AT1G14230/AT1G14240/AT1G14250/AT1G16350/AT1G26160/AT1G27450/AT1G30820/AT1G36280/AT1G55810/AT1G63660/AT1G71750/AT1G72880/AT1G73980/AT1G79470/AT1G80050/AT2G02970/AT2G21550/AT2G21790/AT2G23820/AT2G36310/AT2G37250/AT2G38280/AT2G38680/AT2G39270/AT2G41880/AT3G01820/AT3G04080/AT3G06200/AT3G07800/AT3G09820/AT3G12670/AT3G18680/AT3G23580/AT3G25400/AT3G27060/AT3G27190/AT3G27440/AT3G46940/AT3G48540/AT3G53900/AT3G57550/AT3G57610/AT3G60180/AT4G02120/AT4G09320/AT4G11010/AT4G12440/AT4G13720/AT4G14930/AT4G18440/AT4G20320/AT4G22570/AT4G25280/AT4G26510/AT4G29570/AT4G29610/AT4G29640/AT4G29680/AT4G34570/AT4G34890/AT4G34900/AT5G03300/AT5G11160/AT5G18280/AT5G23070/AT5G26667/AT5G35170/AT5G40870/AT5G47840/AT5G50370/AT5G59440/AT5G60340/AT5G63310/AT5G63400/AT5G66005",76
"Metabolism","Energy metabolism","ath00710","Carbon fixation by Calvin cycle","65/4731","71/6305",0.915492957746479,1.22007674880396,3.23297353296846,0.000343568446608095,0.00212387766994095,0.000821934082794485,"AT1G04410/AT1G12900/AT1G13440/AT1G16300/AT1G17290/AT1G23310/AT1G32060/AT1G42970/AT1G43670/AT1G53240/AT1G53310/AT1G56190/AT1G62800/AT1G63290/AT1G67090/AT1G70580/AT1G71100/AT1G72330/AT1G79530/AT1G79550/AT1G79750/AT2G01140/AT2G01290/AT2G13560/AT2G19900/AT2G21170/AT2G21330/AT2G22780/AT2G30970/AT2G36460/AT2G42600/AT3G01850/AT3G04120/AT3G04790/AT3G12780/AT3G14940/AT3G15020/AT3G26650/AT3G47520/AT3G52930/AT3G54050/AT3G55440/AT3G55800/AT3G60750/AT4G00570/AT4G15530/AT4G26520/AT4G26530/AT4G38970/AT5G03690/AT5G09660/AT5G11520/AT5G11670/AT5G13420/AT5G19550/AT5G25880/AT5G38410/AT5G38420/AT5G38430/AT5G44520/AT5G56720/AT5G58330/AT5G61410/AT5G64380/AT5G65690",65
"Metabolism","Carbohydrate metabolism","ath00030","Pentose phosphate pathway","54/4731","58/6305",0.931034482758621,1.240788927033,3.19372095286499,0.000363622113978327,0.00215011336961098,0.000832087217341709,"AT1G09420/AT1G12000/AT1G13700/AT1G17160/AT1G20950/AT1G23190/AT1G24280/AT1G32380/AT1G43670/AT1G63290/AT1G64190/AT1G70730/AT1G71100/AT1G76550/AT2G01140/AT2G01290/AT2G16790/AT2G21330/AT2G22480/AT2G24270/AT2G35390/AT2G36460/AT2G44530/AT3G01850/AT3G02360/AT3G04790/AT3G27300/AT3G49360/AT3G52930/AT3G54050/AT3G60750/AT4G24620/AT4G26270/AT4G26520/AT4G26530/AT4G29220/AT4G32840/AT4G38970/AT5G03690/AT5G13110/AT5G13420/AT5G24400/AT5G24420/AT5G35790/AT5G40760/AT5G41670/AT5G42740/AT5G44520/AT5G47810/AT5G51820/AT5G56630/AT5G61410/AT5G61580/AT5G64380",54
"Metabolism","Metabolism of cofactors and vitamins","ath00785","Lipoic acid metabolism","35/4731","36/6305",0.972222222222222,1.29567979520421,3.08429547316593,0.000408600704891664,0.0023154039943861,0.000896054177394001,"AT1G01090/AT1G04640/AT1G11860/AT1G21400/AT1G24180/AT1G30120/AT1G32470/AT1G34430/AT1G47578/AT1G48030/AT1G54220/AT1G55510/AT1G59900/AT2G20860/AT2G26080/AT2G34590/AT2G35120/AT2G35370/AT3G06850/AT3G13450/AT3G13930/AT3G16950/AT3G17240/AT3G25860/AT3G52200/AT3G55410/AT4G16155/AT4G26910/AT4G31050/AT4G33010/AT5G08415/AT5G09300/AT5G50850/AT5G55070/AT5G65750",35
"Metabolism","Lipid metabolism","ath00061","Fatty acid biosynthesis","41/4731","43/6305",0.953488372093023,1.27071320778831,3.08794355658008,0.000483354843844581,0.0024606539250402,0.00095226545086695,"AT1G08510/AT1G24360/AT1G36160/AT1G36180/AT1G43800/AT1G49430/AT1G62640/AT1G64400/AT1G74960/AT1G77590/AT2G04350/AT2G04540/AT2G05990/AT2G22230/AT2G30200/AT2G38040/AT2G43710/AT2G47240/AT3G02610/AT3G02620/AT3G02630/AT3G03980/AT3G04000/AT3G05970/AT3G16170/AT3G23790/AT3G25110/AT3G45770/AT4G13050/AT4G13180/AT4G14070/AT4G23850/AT5G10160/AT5G15530/AT5G16230/AT5G16240/AT5G16390/AT5G18210/AT5G27600/AT5G35360/AT5G46290",41
"Genetic Information Processing","Replication and repair","ath03030","DNA replication","41/4731","43/6305",0.953488372093023,1.27071320778831,3.08794355658008,0.000483354843844581,0.0024606539250402,0.00095226545086695,"AT1G07370/AT1G08130/AT1G08260/AT1G08840/AT1G09815/AT1G21690/AT1G44900/AT1G50840/AT1G63160/AT1G67320/AT1G67630/AT1G77470/AT1G78650/AT2G06510/AT2G07690/AT2G16440/AT2G24490/AT2G25100/AT2G27470/AT2G29570/AT2G39440/AT2G42120/AT3G02920/AT3G18580/AT3G20540/AT4G02060/AT4G18590/AT4G19130/AT4G20325/AT5G08020/AT5G22010/AT5G22110/AT5G26680/AT5G27740/AT5G41880/AT5G44635/AT5G45400/AT5G46280/AT5G61000/AT5G63960/AT5G67100",41
"Genetic Information Processing","Replication and repair","ath03410","Base excision repair","47/4731","50/6305",0.94,1.25273726484887,3.11044723604307,0.000488512176294745,0.0024606539250402,0.00095226545086695,"AT1G05900/AT1G07370/AT1G08130/AT1G08260/AT1G09815/AT1G10520/AT1G13635/AT1G15970/AT1G19480/AT1G21690/AT1G21710/AT1G50840/AT1G63160/AT1G75090/AT1G75230/AT1G77470/AT1G78650/AT1G80420/AT1G80850/AT2G27470/AT2G29570/AT2G31320/AT2G31450/AT2G31865/AT2G31870/AT2G41460/AT2G42120/AT3G07930/AT3G12040/AT3G12710/AT3G14890/AT3G18630/AT3G20540/AT3G47830/AT3G50880/AT4G02390/AT4G12740/AT5G01310/AT5G13920/AT5G15170/AT5G22010/AT5G22110/AT5G26680/AT5G27740/AT5G44680/AT5G57970/AT5G63960",47
"Metabolism","Metabolism of cofactors and vitamins","ath00770","Pantothenate and CoA biosynthesis","33/4731","34/6305",0.970588235294118,1.29350218210303,2.97484679786011,0.000690735808839284,0.00335500250007652,0.00129837558052497,"AT1G10060/AT1G10070/AT1G12350/AT1G23800/AT1G44170/AT1G48605/AT1G50110/AT1G60440/AT1G65840/AT2G18250/AT2G27490/AT2G31810/AT2G43020/AT2G46110/AT3G11470/AT3G17810/AT3G18030/AT3G23940/AT3G48000/AT3G48560/AT3G49680/AT3G58610/AT3G59050/AT3G61530/AT4G29680/AT4G34240/AT4G36250/AT5G02080/AT5G12200/AT5G16290/AT5G48840/AT5G64370/AT5G65780",33
"Metabolism","Global and overview maps","ath01250","Biosynthesis of nucleotide sugars","89/4731","101/6305",0.881188118811881,1.1743587167848,3.06232069062239,0.000826238767217244,0.00387477490832915,0.00149952589331623,"AT1G01220/AT1G02000/AT1G05610/AT1G06020/AT1G06030/AT1G08200/AT1G12780/AT1G14520/AT1G16340/AT1G17890/AT1G23190/AT1G26570/AT1G27680/AT1G30540/AT1G30620/AT1G31070/AT1G47840/AT1G50390/AT1G50460/AT1G53000/AT1G53500/AT1G63000/AT1G63180/AT1G66430/AT1G67070/AT1G70730/AT1G73250/AT1G74910/AT1G78570/AT1G79500/AT2G04650/AT2G19860/AT2G21590/AT2G27860/AT2G28760/AT2G31390/AT2G34850/AT2G35020/AT2G39770/AT2G45790/AT2G47650/AT3G01640/AT3G02230/AT3G02570/AT3G03250/AT3G06580/AT3G08900/AT3G10700/AT3G14790/AT3G20040/AT3G23820/AT3G24090/AT3G29360/AT3G42850/AT3G46440/AT3G51160/AT3G53520/AT3G54690/AT3G59480/AT3G62830/AT4G00110/AT4G10960/AT4G12250/AT4G16130/AT4G20460/AT4G23920/AT4G24620/AT4G26260/AT4G29130/AT4G30570/AT4G33030/AT4G39210/AT5G14470/AT5G15490/AT5G15650/AT5G16510/AT5G17310/AT5G18070/AT5G18200/AT5G19220/AT5G28840/AT5G39320/AT5G42740/AT5G44480/AT5G48300/AT5G50750/AT5G51820/AT5G51830/AT5G52560",89
"Metabolism","Amino acid metabolism","ath00330","Arginine and proline metabolism","50/4731","54/6305",0.925925925925926,1.23398075733734,2.99353599831664,0.000878576866732813,0.00398288179585542,0.00154136292409266,"AT1G08980/AT1G20270/AT1G23800/AT1G23820/AT1G44170/AT1G54100/AT1G62800/AT1G65840/AT1G70310/AT2G14260/AT2G16500/AT2G17720/AT2G27450/AT2G30970/AT2G39800/AT2G43020/AT2G43080/AT3G02470/AT3G06300/AT3G25570/AT3G28480/AT3G47450/AT3G48000/AT3G55610/AT3G59050/AT4G08870/AT4G08900/AT4G25600/AT4G29720/AT4G31990/AT4G33910/AT4G34240/AT4G34710/AT4G34880/AT4G35810/AT4G36250/AT5G08170/AT5G11520/AT5G13700/AT5G14800/AT5G15950/AT5G18900/AT5G18930/AT5G19550/AT5G38710/AT5G46180/AT5G53120/AT5G61160/AT5G62530/AT5G66060",50
"Metabolism","Lipid metabolism","ath00561","Glycerolipid metabolism","64/4731","71/6305",0.901408450704225,1.2013063372839,2.95723225644979,0.00114212781896865,0.00475252344421394,0.00183921185921592,"AT1G02390/AT1G06520/AT1G12640/AT1G15080/AT1G18360/AT1G23800/AT1G32200/AT1G44170/AT1G48300/AT1G54100/AT1G54570/AT1G63050/AT1G73480/AT1G75020/AT1G80380/AT1G80460/AT2G01180/AT2G11810/AT2G18730/AT2G19450/AT2G20900/AT2G37790/AT2G38110/AT3G02030/AT3G03520/AT3G06510/AT3G09560/AT3G11430/AT3G11670/AT3G18850/AT3G26820/AT3G26840/AT3G44830/AT3G48000/AT3G51520/AT3G56040/AT3G56310/AT3G57140/AT3G57650/AT4G00400/AT4G00550/AT4G01950/AT4G25840/AT4G30340/AT4G30580/AT4G31780/AT4G33030/AT4G34240/AT4G36250/AT5G01220/AT5G01670/AT5G04040/AT5G06090/AT5G07920/AT5G08370/AT5G08380/AT5G13640/AT5G20410/AT5G41120/AT5G41130/AT5G42870/AT5G57440/AT5G60620/AT5G63770",64
"Metabolism","Metabolism of terpenoids and polyketides","ath00906","Carotenoid biosynthesis","31/4731","32/6305",0.96875,1.29105236736419,2.86147986128406,0.00116402381989878,0.00475252344421394,0.00183921185921592,"AT1G03055/AT1G06820/AT1G08550/AT1G10830/AT1G30100/AT1G31800/AT1G52340/AT1G52400/AT1G78390/AT2G26170/AT2G27150/AT2G29090/AT2G44990/AT3G04870/AT3G10230/AT3G14440/AT3G19270/AT3G21420/AT3G53130/AT4G14210/AT4G18350/AT4G19170/AT4G19230/AT4G25700/AT4G32810/AT4G36470/AT5G17230/AT5G45340/AT5G52570/AT5G57030/AT5G67030",31
"Genetic Information Processing","Replication and repair","ath03430","Mismatch repair","31/4731","32/6305",0.96875,1.29105236736419,2.86147986128406,0.00116402381989878,0.00475252344421394,0.00183921185921592,"AT1G07370/AT1G08130/AT1G09815/AT1G18090/AT1G21690/AT1G29630/AT1G63160/AT1G65070/AT1G77470/AT1G78650/AT2G06510/AT2G24490/AT2G29570/AT2G42120/AT3G02920/AT3G18524/AT3G18580/AT3G24495/AT4G02070/AT4G02460/AT4G09140/AT4G18590/AT4G19130/AT4G25540/AT4G35520/AT5G08020/AT5G22010/AT5G27740/AT5G45400/AT5G61000/AT5G63960",31
"Environmental Information Processing","Signal transduction","ath04016","MAPK signaling pathway - plant","125/4731","146/6305",0.856164383561644,1.14100960438727,2.98849292659412,0.00118813086105348,0.00475252344421394,0.00183921185921592,"AT1G01360/AT1G01480/AT1G01560/AT1G04310/AT1G05100/AT1G07430/AT1G09000/AT1G09090/AT1G10210/AT1G10940/AT1G12280/AT1G17550/AT1G18150/AT1G19230/AT1G20620/AT1G20630/AT1G34245/AT1G43700/AT1G51660/AT1G54490/AT1G54960/AT1G59580/AT1G60940/AT1G63440/AT1G63700/AT1G64060/AT1G66340/AT1G66410/AT1G72770/AT1G73000/AT1G73500/AT1G73730/AT1G75830/AT1G78290/AT2G14580/AT2G14610/AT2G18170/AT2G19190/AT2G19990/AT2G20875/AT2G23030/AT2G25490/AT2G26010/AT2G26020/AT2G26040/AT2G26330/AT2G29380/AT2G30250/AT2G32510/AT2G38310/AT2G38470/AT2G40330/AT2G40940/AT2G41090/AT2G41110/AT2G43790/AT3G04580/AT3G06030/AT3G06110/AT3G11410/AT3G12500/AT3G18690/AT3G20770/AT3G21220/AT3G23150/AT3G23240/AT3G25250/AT3G26830/AT3G43810/AT3G45640/AT3G50500/AT3G51040/AT3G56800/AT4G01026/AT4G01250/AT4G01370/AT4G08480/AT4G08500/AT4G09320/AT4G11010/AT4G11230/AT4G11280/AT4G11330/AT4G13000/AT4G17870/AT4G23550/AT4G26070/AT4G26080/AT4G29810/AT4G33430/AT4G33520/AT4G33720/AT4G33950/AT4G35090/AT4G36450/AT4G40010/AT5G03280/AT5G03730/AT5G05440/AT5G07180/AT5G07390/AT5G08590/AT5G21274/AT5G21930/AT5G24770/AT5G25350/AT5G37780/AT5G40440/AT5G44420/AT5G44430/AT5G44790/AT5G46330/AT5G46790/AT5G47910/AT5G49480/AT5G51060/AT5G51760/AT5G53160/AT5G53210/AT5G57050/AT5G59220/AT5G62230/AT5G63310/AT5G63650/AT5G66880",125
"Metabolism","Amino acid metabolism","ath00270","Cysteine and methionine metabolism","108/4731","125/6305",0.864,1.15145212428662,2.96495666621043,0.00126513582316215,0.00491595634143006,0.00190245988445436,"AT1G01480/AT1G02500/AT1G04410/AT1G05010/AT1G09240/AT1G10060/AT1G10070/AT1G12010/AT1G14810/AT1G17745/AT1G23820/AT1G31230/AT1G49820/AT1G50110/AT1G53240/AT1G55880/AT1G55920/AT1G56430/AT1G62380/AT1G62800/AT1G64660/AT1G69770/AT1G70310/AT1G77330/AT1G77670/AT1G79230/AT1G80360/AT2G05830/AT2G17265/AT2G17630/AT2G17640/AT2G19590/AT2G22780/AT2G22810/AT2G24850/AT2G26400/AT2G30970/AT2G36880/AT2G43750/AT3G01120/AT3G02020/AT3G02470/AT3G03630/AT3G03780/AT3G04940/AT3G08860/AT3G13110/AT3G15020/AT3G17390/AT3G19480/AT3G22460/AT3G22740/AT3G23810/AT3G25570/AT3G25900/AT3G26115/AT3G47520/AT3G49680/AT3G59760/AT3G61440/AT3G62130/AT4G01850/AT4G08040/AT4G11280/AT4G13940/AT4G14710/AT4G14716/AT4G14880/AT4G17260/AT4G19020/AT4G19710/AT4G23100/AT4G23600/AT4G26200/AT4G28420/AT4G31990/AT4G34200/AT4G34840/AT4G35630/AT4G35640/AT4G37770/AT4G38800/AT4G39660/AT5G04950/AT5G09660/AT5G11520/AT5G13280/AT5G14060/AT5G15950/AT5G17920/AT5G18930/AT5G19550/AT5G20980/AT5G26600/AT5G27380/AT5G27650/AT5G28020/AT5G28030/AT5G36160/AT5G43850/AT5G49160/AT5G53120/AT5G53850/AT5G53970/AT5G56720/AT5G56760/AT5G65780/AT5G65800",108
"Metabolism","Amino acid metabolism","ath00280","Valine, leucine and isoleucine degradation","48/4731","52/6305",0.923076923076923,1.23018389346861,2.8894461261473,0.00135526212119295,0.00511987912450668,0.00198137737016513,"AT1G03090/AT1G04710/AT1G06550/AT1G10060/AT1G10070/AT1G21400/AT1G23800/AT1G44170/AT1G48030/AT1G50110/AT1G54100/AT1G55510/AT1G71170/AT1G71180/AT2G14170/AT2G26800/AT2G30650/AT2G30660/AT2G33150/AT3G06810/AT3G06850/AT3G08860/AT3G13450/AT3G16170/AT3G16950/AT3G17240/AT3G24360/AT3G45300/AT3G48000/AT3G49680/AT3G60510/AT4G11820/AT4G13360/AT4G16155/AT4G16210/AT4G16800/AT4G20930/AT4G29120/AT4G31810/AT4G34030/AT4G34240/AT4G36250/AT4G39660/AT5G09300/AT5G48230/AT5G48880/AT5G65780/AT5G65940",48
"Metabolism","Global and overview maps","ath01210","2-Oxocarboxylic acid metabolism","90/4731","103/6305",0.87378640776699,1.16449446226398,2.91800630255898,0.00145918928806907,0.00533929620475122,0.00206629110090992,"AT1G01090/AT1G10060/AT1G10070/AT1G14810/AT1G16400/AT1G16410/AT1G17290/AT1G21400/AT1G23310/AT1G24100/AT1G24180/AT1G30120/AT1G31180/AT1G34430/AT1G44820/AT1G48030/AT1G50110/AT1G54220/AT1G54340/AT1G55510/AT1G59900/AT1G62800/AT1G70580/AT1G72330/AT1G74040/AT1G74100/AT1G80600/AT2G05710/AT2G13360/AT2G17130/AT2G19940/AT2G20610/AT2G22330/AT2G22910/AT2G30970/AT2G31810/AT2G34590/AT2G37500/AT2G42790/AT2G43090/AT2G43100/AT2G44350/AT3G02020/AT3G06850/AT3G08860/AT3G09810/AT3G13450/AT3G13930/AT3G16950/AT3G17240/AT3G19710/AT3G23940/AT3G25860/AT3G48560/AT3G49680/AT3G52200/AT3G55410/AT3G57560/AT3G58610/AT3G58750/AT3G58990/AT4G13430/AT4G13770/AT4G16155/AT4G17830/AT4G26910/AT4G26970/AT4G31500/AT4G31990/AT4G35260/AT4G35830/AT4G37670/AT4G38220/AT4G39660/AT4G39950/AT5G03290/AT5G09300/AT5G11520/AT5G13280/AT5G14060/AT5G14200/AT5G14590/AT5G16290/AT5G19550/AT5G23010/AT5G23020/AT5G50850/AT5G55070/AT5G65750/AT5G65780",90
"Metabolism","Carbohydrate metabolism","ath00630","Glyoxylate and dicarboxylate metabolism","72/4731","81/6305",0.888888888888889,1.18462152704385,2.89916056379216,0.00149186217485696,0.00533929620475122,0.00206629110090992,"AT1G04410/AT1G11860/AT1G12550/AT1G17650/AT1G20620/AT1G20630/AT1G22020/AT1G23310/AT1G32470/AT1G36370/AT1G48030/AT1G48470/AT1G53240/AT1G66200/AT1G67090/AT1G68010/AT1G70580/AT1G80380/AT2G05710/AT2G13360/AT2G22780/AT2G26080/AT2G35120/AT2G35370/AT2G41220/AT2G42790/AT2G44350/AT3G08860/AT3G14130/AT3G14150/AT3G14415/AT3G14420/AT3G15020/AT3G16910/AT3G16950/AT3G17240/AT3G17820/AT3G21720/AT3G25530/AT3G47520/AT3G48990/AT3G58750/AT4G13890/AT4G16155/AT4G17360/AT4G18360/AT4G26970/AT4G32520/AT4G33010/AT4G35090/AT4G35830/AT4G37550/AT4G37560/AT4G37930/AT4G39660/AT5G03860/AT5G04140/AT5G09660/AT5G14780/AT5G16570/AT5G35630/AT5G36700/AT5G36790/AT5G36880/AT5G37600/AT5G38410/AT5G38420/AT5G38430/AT5G47435/AT5G47760/AT5G48230/AT5G56720",72
"Metabolism","Amino acid metabolism","ath00220","Arginine biosynthesis","36/4731","38/6305",0.947368421052632,1.26255715382305,2.81428463179272,0.00162618938037104,0.005670814249499,0.00219458755785565,"AT1G17290/AT1G23310/AT1G29900/AT1G44820/AT1G48470/AT1G51720/AT1G62800/AT1G66200/AT1G67550/AT1G70580/AT1G72330/AT1G80600/AT2G19940/AT2G22910/AT2G30970/AT2G37500/AT3G03910/AT3G17820/AT3G27740/AT3G47450/AT3G57560/AT4G08870/AT4G08900/AT4G17830/AT4G24830/AT4G31990/AT4G37670/AT4G38220/AT5G07440/AT5G10920/AT5G11520/AT5G16570/AT5G18170/AT5G19550/AT5G35630/AT5G37600",36
"Metabolism","Amino acid metabolism","ath00250","Alanine, aspartate and glutamate metabolism","47/4731","51/6305",0.92156862745098,1.22817378906752,2.83631274339353,0.00167976446884663,0.00571119919407853,0.00221021640637714,"AT1G17290/AT1G23310/AT1G29900/AT1G36280/AT1G48470/AT1G51720/AT1G62800/AT1G65960/AT1G66200/AT1G70580/AT1G72330/AT1G79440/AT2G02010/AT2G13360/AT2G16570/AT2G30970/AT3G03910/AT3G08860/AT3G16150/AT3G17820/AT3G20330/AT3G22200/AT3G24090/AT3G27740/AT3G47340/AT3G57610/AT4G18440/AT4G24830/AT4G31990/AT4G34740/AT4G39660/AT5G07440/AT5G08100/AT5G10240/AT5G10920/AT5G11520/AT5G12040/AT5G14760/AT5G16570/AT5G17330/AT5G18170/AT5G19550/AT5G35630/AT5G37600/AT5G53460/AT5G62530/AT5G65010",47
"Metabolism","Carbohydrate metabolism","ath00500","Starch and sucrose metabolism","145/4731","172/6305",0.843023255813954,1.12349643371528,2.84684858992755,0.002026331669907,0.00672149041725249,0.00260119598190886,"AT1G02800/AT1G02850/AT1G03310/AT1G04920/AT1G05610/AT1G06020/AT1G06030/AT1G06410/AT1G11720/AT1G11820/AT1G12240/AT1G22880/AT1G23190/AT1G23210/AT1G23870/AT1G26560/AT1G27680/AT1G32900/AT1G35910/AT1G45191/AT1G47840/AT1G50390/AT1G50460/AT1G51420/AT1G55120/AT1G60140/AT1G60260/AT1G60270/AT1G61810/AT1G61820/AT1G62660/AT1G64390/AT1G65610/AT1G66250/AT1G66280/AT1G66430/AT1G68020/AT1G69830/AT1G70290/AT1G70710/AT1G70730/AT1G73370/AT1G76130/AT1G78090/AT1G78580/AT2G01630/AT2G18700/AT2G19860/AT2G21590/AT2G22190/AT2G31390/AT2G32290/AT2G32860/AT2G35840/AT2G36390/AT2G39930/AT2G40840/AT2G44450/AT2G44460/AT2G44480/AT2G44490/AT2G44570/AT2G45880/AT3G01180/AT3G03250/AT3G03640/AT3G09260/AT3G13560/AT3G13784/AT3G13790/AT3G18070/AT3G18080/AT3G20040/AT3G20440/AT3G21370/AT3G23920/AT3G29320/AT3G43190/AT3G46970/AT3G47000/AT3G47010/AT3G47040/AT3G47050/AT3G52340/AT3G54270/AT3G59480/AT3G60120/AT3G60130/AT3G60140/AT3G62740/AT3G62750/AT4G00490/AT4G02280/AT4G02290/AT4G09020/AT4G10120/AT4G11050/AT4G11980/AT4G12430/AT4G15210/AT4G17090/AT4G17770/AT4G18240/AT4G21760/AT4G22590/AT4G24040/AT4G24260/AT4G24620/AT4G25000/AT4G27820/AT4G27830/AT4G29130/AT4G29680/AT4G31140/AT4G39000/AT4G39010/AT4G39210/AT4G39770/AT5G03650/AT5G04885/AT5G10100/AT5G11110/AT5G11720/AT5G11920/AT5G17310/AT5G19220/AT5G20280/AT5G20830/AT5G20950/AT5G24300/AT5G24540/AT5G36890/AT5G37180/AT5G42740/AT5G45300/AT5G48300/AT5G49190/AT5G49720/AT5G51460/AT5G51820/AT5G51830/AT5G54570/AT5G58090/AT5G64860/AT5G65140",145
"Cellular Processes","Transport and catabolism","ath04146","Peroxisome","79/4731","90/6305",0.877777777777778,1.1698137579558,2.81290958844934,0.00211141371628504,0.00683695870035156,0.00264588184998125,"AT1G03000/AT1G04710/AT1G06290/AT1G08830/AT1G20620/AT1G20630/AT1G29260/AT1G48635/AT1G49430/AT1G52870/AT1G54340/AT1G64400/AT1G77590/AT1G79810/AT2G01490/AT2G04350/AT2G13360/AT2G14860/AT2G24580/AT2G26350/AT2G26800/AT2G28190/AT2G33150/AT2G39970/AT2G42770/AT2G45690/AT2G47240/AT3G03490/AT3G04460/AT3G05290/AT3G05970/AT3G06690/AT3G07560/AT3G10920/AT3G12800/AT3G14130/AT3G14150/AT3G14415/AT3G14420/AT3G18160/AT3G23790/AT3G24570/AT3G44540/AT3G44550/AT3G51840/AT3G56350/AT4G03410/AT4G04320/AT4G04470/AT4G05530/AT4G14070/AT4G14305/AT4G16760/AT4G18360/AT4G23850/AT4G25100/AT4G33790/AT4G33905/AT4G34890/AT4G34900/AT4G35090/AT4G39850/AT5G14590/AT5G17380/AT5G17550/AT5G18100/AT5G19750/AT5G20070/AT5G22500/AT5G23310/AT5G27450/AT5G27520/AT5G27600/AT5G43140/AT5G43280/AT5G48880/AT5G51100/AT5G56290/AT5G65110",79
NA,NA,"ath01320","Sulfur cycle","21/4731","21/6305",1,1.33269921792433,2.64743649550343,0.00237574762158865,0.00743445233944809,0.0028771100384861,"AT1G19920/AT1G55880/AT1G62180/AT2G14750/AT2G43750/AT3G03900/AT3G04940/AT3G22460/AT3G22890/AT3G59760/AT3G61440/AT4G04610/AT4G14680/AT4G14880/AT4G21990/AT4G39940/AT5G04590/AT5G28020/AT5G28030/AT5G43780/AT5G67520",21
"Organismal Systems","Environmental adaptation","ath04712","Circadian rhythm - plant","40/4731","43/6305",0.930232558139535,1.23972020272031,2.73441573619517,0.00240526399217438,0.00743445233944809,0.0028771100384861,"AT1G01060/AT1G04400/AT1G09530/AT1G09570/AT1G22770/AT1G53090/AT1G56650/AT1G68050/AT2G18790/AT2G23070/AT2G23080/AT2G25930/AT2G32950/AT2G44680/AT2G46340/AT2G46790/AT2G46830/AT3G02380/AT3G15354/AT3G17609/AT3G50000/AT3G60250/AT4G08920/AT4G11110/AT4G17640/AT5G02810/AT5G08330/AT5G11260/AT5G13930/AT5G15840/AT5G23280/AT5G23730/AT5G24470/AT5G47080/AT5G52250/AT5G57360/AT5G60100/AT5G61380/AT5G62430/AT5G67380",40
"Metabolism","Glycan biosynthesis and metabolism","ath00563","Glycosylphosphatidylinositol (GPI)-anchor biosynthesis","28/4731","29/6305",0.96551724137931,1.28674407247866,2.68308352615369,0.00252957020853276,0.00759591082062761,0.00293959397083112,"AT1G08750/AT1G11880/AT1G12730/AT1G16040/AT1G16560/AT1G53710/AT1G57600/AT1G61280/AT1G63110/AT1G74340/AT2G22530/AT2G27340/AT2G34980/AT2G39445/AT3G01380/AT3G07140/AT3G07180/AT3G27325/AT3G45100/AT3G57170/AT3G58130/AT4G17910/AT5G14850/AT5G17250/AT5G19130/AT5G22130/AT5G46850/AT5G62130",28
"Metabolism","Glycan biosynthesis and metabolism","ath00510","N-Glycan biosynthesis","45/4731","49/6305",0.918367346938776,1.22390744503255,2.727723947799,0.0025692051305064,0.00759591082062761,0.00293959397083112,"AT1G02145/AT1G12990/AT1G16570/AT1G16900/AT1G20575/AT1G24320/AT1G30000/AT1G32210/AT1G34130/AT1G48140/AT1G51590/AT1G61790/AT1G67490/AT1G67880/AT1G74340/AT1G76400/AT1G77350/AT1G78800/AT2G01720/AT2G05320/AT2G13290/AT2G16530/AT2G35520/AT2G39630/AT2G40190/AT2G41490/AT2G44660/AT2G47760/AT3G21160/AT3G27540/AT3G45040/AT3G57220/AT4G16710/AT4G18230/AT4G21150/AT4G29870/AT4G38240/AT5G02410/AT5G03080/AT5G14480/AT5G14950/AT5G19690/AT5G38460/AT5G63840/AT5G66680",45
"Genetic Information Processing","Replication and repair","ath03440","Homologous recombination","54/4731","60/6305",0.9,1.1994292961319,2.69079475546131,0.00309307133437938,0.00885026359018339,0.0034250246092041,"AT1G04020/AT1G05490/AT1G07745/AT1G09815/AT1G10930/AT1G20720/AT1G50840/AT1G60930/AT1G64750/AT1G77320/AT1G78650/AT1G79050/AT1G80210/AT2G01440/AT2G06510/AT2G16390/AT2G19490/AT2G21800/AT2G22140/AT2G24490/AT2G28560/AT2G31970/AT2G32000/AT2G42120/AT2G45280/AT3G02680/AT3G02920/AT3G06820/AT3G18580/AT3G19210/AT3G20540/AT3G24340/AT3G32920/AT3G42670/AT3G48190/AT4G00020/AT4G02110/AT4G18590/AT4G19130/AT4G21070/AT4G30870/AT4G35740/AT5G01630/AT5G08020/AT5G20850/AT5G42470/AT5G45010/AT5G45400/AT5G54260/AT5G57450/AT5G61000/AT5G63920/AT5G63960/AT5G64520",54
"Genetic Information Processing","Translation","ath03008","Ribosome biogenesis in eukaryotes","85/4731","98/6305",0.86734693877551,1.15591258697518,2.69671813071542,0.00323681669704381,0.00885026359018339,0.0034250246092041,"AT1G04635/AT1G06720/AT1G08410/AT1G10490/AT1G15420/AT1G15440/AT1G26530/AT1G27470/AT1G43860/AT1G50920/AT1G52980/AT1G56110/AT1G63780/AT1G63810/AT1G67120/AT1G75660/AT2G03820/AT2G18900/AT2G20490/AT2G21440/AT2G23070/AT2G23080/AT2G24990/AT2G25420/AT2G26970/AT2G27200/AT2G39820/AT2G43190/AT2G44680/AT2G46230/AT2G47300/AT2G47990/AT3G01610/AT3G03110/AT3G03920/AT3G05060/AT3G06530/AT3G07050/AT3G12860/AT3G21540/AT3G22980/AT3G26480/AT3G50000/AT3G50100/AT3G51270/AT3G55620/AT3G57000/AT3G57150/AT3G57940/AT3G60250/AT4G02400/AT4G04940/AT4G07410/AT4G12600/AT4G17640/AT4G22380/AT4G25630/AT4G28200/AT5G05540/AT5G08180/AT5G08600/AT5G11240/AT5G14050/AT5G15750/AT5G16750/AT5G17020/AT5G18180/AT5G20010/AT5G20020/AT5G20160/AT5G22100/AT5G25800/AT5G27120/AT5G37350/AT5G38720/AT5G41190/AT5G42540/AT5G47080/AT5G52470/AT5G55190/AT5G59980/AT5G60340/AT5G66540/AT5G67240/AT5G67380",85
"Metabolism","Glycan biosynthesis and metabolism","ath00513","Various types of N-glycan biosynthesis","33/4731","35/6305",0.942857142857143,1.25654497690008,2.63843244987862,0.00331884884631877,0.00885026359018339,0.0034250246092041,"AT1G02145/AT1G05590/AT1G16570/AT1G16900/AT1G26810/AT1G30000/AT1G32210/AT1G34130/AT1G49710/AT1G51590/AT1G61790/AT1G65590/AT1G71990/AT1G76400/AT1G77350/AT1G78800/AT2G01720/AT2G05320/AT2G35520/AT2G40190/AT2G47760/AT3G19280/AT3G21160/AT3G55260/AT4G16710/AT4G18230/AT4G21150/AT4G29870/AT4G38240/AT5G14950/AT5G19690/AT5G55500/AT5G66680",33
"Metabolism","Lipid metabolism","ath00600","Sphingolipid metabolism","33/4731","35/6305",0.942857142857143,1.25654497690008,2.63843244987862,0.00331884884631877,0.00885026359018339,0.0034250246092041,"AT1G05590/AT1G07380/AT1G13580/AT1G14290/AT1G26200/AT1G27980/AT1G33700/AT1G65590/AT1G69640/AT1G72990/AT2G38010/AT3G06060/AT3G19260/AT3G24180/AT3G25540/AT3G48780/AT3G48790/AT3G51730/AT3G54440/AT3G55260/AT3G56310/AT4G10060/AT4G21534/AT4G21540/AT4G22330/AT4G36480/AT5G01800/AT5G08370/AT5G08380/AT5G19200/AT5G49900/AT5G51290/AT5G58980",33
"Organismal Systems","Development and regeneration","ath04382","Cornified envelope formation","33/4731","35/6305",0.942857142857143,1.25654497690008,2.63843244987862,0.00331884884631877,0.00885026359018339,0.0034250246092041,"AT1G03960/AT1G10430/AT1G13320/AT1G13460/AT1G17720/AT1G25490/AT1G33700/AT1G51690/AT1G54450/AT1G59830/AT1G69960/AT2G42500/AT3G06060/AT3G21650/AT3G24180/AT3G25800/AT3G26020/AT3G26030/AT3G48780/AT3G48790/AT3G54930/AT3G58500/AT4G10060/AT4G15415/AT4G36480/AT5G03470/AT5G18580/AT5G19200/AT5G25510/AT5G28850/AT5G28900/AT5G44090/AT5G49900",33
"Metabolism","Carbohydrate metabolism","ath00620","Pyruvate metabolism","84/4731","97/6305",0.865979381443299,1.15409004438808,2.65134843451209,0.00378064083581741,0.00988497313057928,0.0038254539979022,"AT1G01090/AT1G04410/AT1G06130/AT1G11840/AT1G22430/AT1G22440/AT1G23800/AT1G24180/AT1G30120/AT1G32440/AT1G32780/AT1G34430/AT1G36160/AT1G36180/AT1G44170/AT1G48030/AT1G53240/AT1G53310/AT1G54100/AT1G54220/AT1G59900/AT1G64710/AT1G74040/AT1G77120/AT1G79750/AT2G13560/AT2G19900/AT2G22780/AT2G31350/AT2G34590/AT2G36580/AT2G37790/AT2G38040/AT2G38860/AT2G42600/AT2G43430/AT2G47510/AT3G02720/AT3G04050/AT3G10850/AT3G13930/AT3G14940/AT3G15020/AT3G16910/AT3G16950/AT3G17240/AT3G22960/AT3G25860/AT3G47520/AT3G48000/AT3G49160/AT3G52200/AT3G52990/AT3G54600/AT4G00570/AT4G15530/AT4G16155/AT4G17260/AT4G34240/AT4G36250/AT5G01670/AT5G03370/AT5G03860/AT5G06580/AT5G08570/AT5G09660/AT5G11670/AT5G15530/AT5G16390/AT5G24760/AT5G25880/AT5G35360/AT5G36880/AT5G42250/AT5G43940/AT5G48230/AT5G50850/AT5G50950/AT5G52920/AT5G56350/AT5G56720/AT5G58330/AT5G63680/AT5G65690",84
"Metabolism","Metabolism of other amino acids","ath00480","Glutathione metabolism","88/4731","102/6305",0.862745098039216,1.14977971742491,2.6438354068647,0.00389452375995532,0.00988497313057928,0.0038254539979022,"AT1G02920/AT1G02930/AT1G02940/AT1G02950/AT1G07890/AT1G09420/AT1G10360/AT1G10370/AT1G17170/AT1G17180/AT1G17190/AT1G19570/AT1G23820/AT1G24280/AT1G27130/AT1G44790/AT1G53680/AT1G54340/AT1G59670/AT1G59700/AT1G63460/AT1G63770/AT1G64190/AT1G65820/AT1G69920/AT1G69930/AT1G70310/AT1G74590/AT1G75270/AT1G77490/AT1G78320/AT1G78340/AT1G78370/AT1G78380/AT2G02930/AT2G21790/AT2G24200/AT2G25080/AT2G29420/AT2G29440/AT2G29450/AT2G29460/AT2G29470/AT2G29490/AT2G30860/AT2G30870/AT2G31570/AT2G43350/AT2G47730/AT2G48150/AT3G02360/AT3G09270/AT3G23580/AT3G24170/AT3G27060/AT3G27300/AT3G43800/AT3G54660/AT3G55040/AT3G63080/AT4G02520/AT4G08390/AT4G11600/AT4G23100/AT4G29210/AT4G30910/AT4G31290/AT4G31870/AT4G32320/AT4G35000/AT4G35970/AT4G39640/AT5G02780/AT5G13110/AT5G14590/AT5G16710/AT5G17220/AT5G26220/AT5G27380/AT5G35790/AT5G37830/AT5G40760/AT5G41210/AT5G41220/AT5G41240/AT5G41670/AT5G53120/AT5G62480",88
"Metabolism","Global and overview maps","ath01212","Fatty acid metabolism","62/4731","70/6305",0.885714285714286,1.18039073587583,2.63103868412682,0.00392491580184766,0.00988497313057928,0.0038254539979022,"AT1G04710/AT1G06290/AT1G08510/AT1G24360/AT1G24470/AT1G36160/AT1G36180/AT1G43800/AT1G49430/AT1G62640/AT1G64400/AT1G67730/AT1G74960/AT1G77590/AT2G04350/AT2G04540/AT2G05990/AT2G22230/AT2G30200/AT2G33150/AT2G38040/AT2G43710/AT2G47240/AT3G02610/AT3G02620/AT3G02630/AT3G03980/AT3G04000/AT3G05970/AT3G06690/AT3G06810/AT3G06860/AT3G16170/AT3G23790/AT3G45770/AT3G51840/AT3G55360/AT4G13180/AT4G14070/AT4G16210/AT4G16760/AT4G17470/AT4G17480/AT4G17483/AT4G23850/AT4G29010/AT5G10160/AT5G10480/AT5G15530/AT5G16230/AT5G16240/AT5G16390/AT5G18210/AT5G27600/AT5G35360/AT5G46290/AT5G47330/AT5G47350/AT5G48230/AT5G48880/AT5G59770/AT5G65110",62
"Metabolism","Glycan biosynthesis and metabolism","ath00511","Other glycan degradation","19/4731","19/6305",1,1.33269921792433,2.51781376987679,0.00422825894050435,0.0103076323525661,0.00398902180826863,"AT1G05590/AT1G33700/AT1G65590/AT1G67830/AT1G72990/AT2G28100/AT3G11040/AT3G24180/AT3G26720/AT3G52840/AT3G54440/AT3G55260/AT4G10060/AT4G34260/AT5G05460/AT5G13980/AT5G49900/AT5G61540/AT5G66150",19
"Genetic Information Processing","Chromosome","ath03082","ATP-dependent chromatin remodeling","57/4731","64/6305",0.890625,1.18693524096386,2.60577126186068,0.00424431920399782,0.0103076323525661,0.00398902180826863,"AT1G02740/AT1G08880/AT1G16690/AT1G18450/AT1G20670/AT1G21700/AT1G51060/AT1G52740/AT1G54690/AT1G65650/AT1G76380/AT1G79020/AT2G16780/AT2G17930/AT2G18000/AT2G19520/AT2G25170/AT2G27470/AT2G33610/AT2G36740/AT2G38810/AT2G46020/AT2G47210/AT2G47620/AT3G06400/AT3G12380/AT3G12810/AT3G20670/AT3G44680/AT3G45830/AT3G54560/AT3G57300/AT4G13570/AT4G14385/AT4G27230/AT4G29730/AT4G34430/AT4G35050/AT4G36080/AT4G37280/AT4G38130/AT4G38495/AT5G02560/AT5G14170/AT5G16310/AT5G18620/AT5G22330/AT5G27670/AT5G37055/AT5G43500/AT5G45600/AT5G54640/AT5G55040/AT5G58230/AT5G59870/AT5G63110/AT5G67630",57
"Metabolism","Energy metabolism","ath00920","Sulfur metabolism","37/4731","40/6305",0.925,1.23274677658,2.55997276634001,0.00466316030952942,0.0111261368788772,0.00430578052588128,"AT1G19920/AT1G53580/AT1G55880/AT1G55920/AT1G62180/AT1G79230/AT2G14750/AT2G17640/AT2G43750/AT3G01910/AT3G03900/AT3G04940/AT3G13110/AT3G22460/AT3G22890/AT3G59760/AT3G61440/AT4G04610/AT4G05090/AT4G14030/AT4G14040/AT4G14680/AT4G14880/AT4G16566/AT4G21990/AT4G35640/AT4G39940/AT5G04590/AT5G09290/AT5G28020/AT5G28030/AT5G43780/AT5G54390/AT5G56760/AT5G63980/AT5G63990/AT5G67520",37
"Genetic Information Processing","Replication and repair","ath03460","Fanconi anemia pathway","42/4731","46/6305",0.91304347826087,1.21681232940917,2.5585424549493,0.00480307217476875,0.0112623761339405,0.00435850469579741,"AT1G08390/AT1G10930/AT1G20720/AT1G35530/AT1G48360/AT1G49980/AT1G60930/AT1G67500/AT1G78790/AT2G06510/AT2G21800/AT2G22140/AT2G24490/AT2G32000/AT2G45280/AT3G02920/AT3G05090/AT3G05210/AT3G24515/AT3G48470/AT4G00020/AT4G02460/AT4G09140/AT4G14970/AT4G18590/AT4G19130/AT4G30870/AT4G35740/AT5G01630/AT5G08020/AT5G20850/AT5G40820/AT5G41150/AT5G43210/AT5G44740/AT5G44750/AT5G45400/AT5G49110/AT5G61000/AT5G63540/AT5G63920/AT5G65740",42
"Metabolism","Lipid metabolism","ath00565","Ether lipid metabolism","25/4731","26/6305",0.961538461538462,1.28144155569647,2.49294023760006,0.00544617279833129,0.0125538898402213,0.00485831650163362,"AT1G07230/AT1G12640/AT1G13560/AT1G52570/AT1G55180/AT1G63050/AT1G80950/AT2G06925/AT2G26870/AT2G42010/AT2G45670/AT3G03530/AT3G05630/AT3G15730/AT3G16785/AT3G25585/AT3G48610/AT3G57140/AT4G00240/AT4G11830/AT4G11840/AT4G11850/AT4G35790/AT5G04040/AT5G25370",25
"Metabolism","Glycan biosynthesis and metabolism","ath00520","Amino sugar and nucleotide sugar metabolism","105/4731","124/6305",0.846774193548387,1.12849530550044,2.50524927028997,0.00618024681823262,0.0140085594546606,0.00542126913880055,"AT1G01220/AT1G02000/AT1G02730/AT1G05590/AT1G05610/AT1G06020/AT1G06030/AT1G06780/AT1G08200/AT1G12780/AT1G18580/AT1G23190/AT1G26570/AT1G27680/AT1G30540/AT1G30620/AT1G31070/AT1G47840/AT1G50390/AT1G50460/AT1G63180/AT1G65590/AT1G66430/AT1G67070/AT1G70730/AT1G74910/AT2G04650/AT2G19860/AT2G20810/AT2G21590/AT2G27860/AT2G28760/AT2G30575/AT2G31390/AT2G34850/AT2G35020/AT2G38650/AT2G39770/AT2G43570/AT2G43580/AT2G43590/AT2G43610/AT2G43620/AT2G45790/AT2G47650/AT3G01640/AT3G02230/AT3G02350/AT3G02570/AT3G03250/AT3G06580/AT3G08900/AT3G10700/AT3G10740/AT3G12500/AT3G19620/AT3G20040/AT3G23820/AT3G24090/AT3G29360/AT3G42850/AT3G46440/AT3G47540/AT3G53520/AT3G54420/AT3G55260/AT3G59480/AT3G61130/AT3G62830/AT4G00110/AT4G10960/AT4G12250/AT4G16130/AT4G19720/AT4G19810/AT4G19820/AT4G20460/AT4G23920/AT4G24620/AT4G29130/AT4G30570/AT4G33030/AT4G38270/AT4G39210/AT5G09730/AT5G14470/AT5G15490/AT5G15650/AT5G16510/AT5G17310/AT5G18070/AT5G18200/AT5G19220/AT5G24090/AT5G28840/AT5G39320/AT5G42740/AT5G44480/AT5G47780/AT5G48300/AT5G50750/AT5G51820/AT5G51830/AT5G52560/AT5G64570",105
"Environmental Information Processing","Signaling molecules and interaction","ath04517","IgSF CAM signaling","45/4731","50/6305",0.9,1.1994292961319,2.45438401539403,0.00698134400033052,0.015564963672868,0.00602359275265791,"AT1G04820/AT1G07880/AT1G13180/AT1G20010/AT1G20090/AT1G23220/AT1G30825/AT1G50010/AT1G57870/AT1G60430/AT1G64740/AT1G75780/AT1G75840/AT2G17800/AT2G18876/AT2G29550/AT2G30910/AT2G31300/AT2G33385/AT2G44690/AT3G10540/AT3G16120/AT3G27000/AT3G48040/AT3G51300/AT4G01710/AT4G14147/AT4G14960/AT4G15930/AT4G20890/AT4G27360/AT4G28950/AT4G35020/AT4G35950/AT5G04510/AT5G12250/AT5G19770/AT5G19780/AT5G20110/AT5G23860/AT5G45970/AT5G56580/AT5G57410/AT5G62690/AT5G62700",45
"Metabolism","Lipid metabolism","ath00592","alpha-Linolenic acid metabolism","39/4731","43/6305",0.906976744186046,1.2087271976523,2.38088791581027,0.00884030080382423,0.019391627569679,0.00750449983346709,"AT1G04710/AT1G06290/AT1G09400/AT1G13280/AT1G17420/AT1G18020/AT1G19640/AT1G20480/AT1G20490/AT1G20510/AT1G67560/AT1G72520/AT1G73680/AT1G76680/AT1G76690/AT1G77120/AT2G06050/AT2G06925/AT2G33150/AT3G01420/AT3G03310/AT3G03480/AT3G06690/AT3G06860/AT3G25760/AT3G25770/AT3G25780/AT3G45140/AT3G51840/AT3G57140/AT4G13010/AT4G16760/AT4G19860/AT4G29010/AT5G04040/AT5G38120/AT5G42650/AT5G48880/AT5G65110",39
"Metabolism","Nucleotide metabolism","ath00240","Pyrimidine metabolism","57/4731","65/6305",0.876923076923077,1.16867469879518,2.36971729964129,0.0093000315334568,0.0200762585484147,0.00776944990263726,"AT1G05620/AT1G14230/AT1G14240/AT1G14250/AT1G26160/AT1G29900/AT1G30110/AT1G30820/AT1G50510/AT1G55810/AT1G72880/AT1G73980/AT2G02970/AT2G21550/AT2G21790/AT2G23820/AT2G36310/AT2G38680/AT3G04080/AT3G07800/AT3G12670/AT3G17810/AT3G18680/AT3G20330/AT3G23580/AT3G25400/AT3G27060/AT3G27190/AT3G27440/AT3G27740/AT3G46940/AT3G48540/AT3G53900/AT3G54470/AT3G60180/AT4G02120/AT4G09320/AT4G11010/AT4G14930/AT4G20320/AT4G22930/AT4G25280/AT4G26510/AT4G29570/AT4G29610/AT4G29640/AT4G29680/AT4G34570/AT5G12200/AT5G18280/AT5G23070/AT5G23300/AT5G26667/AT5G40870/AT5G59440/AT5G63310/AT5G64370",57
"Metabolism","Metabolism of cofactors and vitamins","ath00780","Biotin metabolism","16/4731","16/6305",1,1.33269921792433,2.30995322703081,0.0100353020544223,0.0213250168656473,0.00825271550528148,"AT1G24360/AT1G37150/AT1G74960/AT2G04540/AT2G05990/AT2G22230/AT2G25710/AT2G43360/AT3G03980/AT3G04000/AT4G13180/AT5G04620/AT5G10160/AT5G18210/AT5G46290/AT5G57590",16
"Genetic Information Processing","Replication and repair","ath03420","Nucleotide excision repair","73/4731","85/6305",0.858823529411765,1.14455344598207,2.32608152529048,0.0106471936680257,0.021907822610307,0.00847825952411263,"AT1G03190/AT1G05055/AT1G07370/AT1G08130/AT1G08260/AT1G09815/AT1G11475/AT1G12400/AT1G16190/AT1G18040/AT1G18340/AT1G19750/AT1G21690/AT1G27840/AT1G50840/AT1G53690/AT1G54250/AT1G55750/AT1G61700/AT1G63160/AT1G66750/AT1G73690/AT1G77470/AT1G78650/AT1G79650/AT2G06510/AT2G15400/AT2G15430/AT2G18760/AT2G24490/AT2G27470/AT2G29570/AT2G41340/AT2G42120/AT3G02920/AT3G05210/AT3G16980/AT3G20540/AT3G22320/AT3G28030/AT3G52090/AT3G57080/AT3G59600/AT3G61420/AT3G61800/AT4G05420/AT4G12100/AT4G16265/AT4G17020/AT4G18590/AT4G19130/AT4G21100/AT4G21710/AT4G30820/AT4G35800/AT5G08020/AT5G09920/AT5G16630/AT5G22010/AT5G22110/AT5G27620/AT5G27740/AT5G38470/AT5G41010/AT5G41150/AT5G41360/AT5G41370/AT5G45400/AT5G46210/AT5G58760/AT5G59180/AT5G61000/AT5G63960",73
"Metabolism","Carbohydrate metabolism","ath00640","Propanoate metabolism","38/4731","42/6305",0.904761904761905,1.20577548288392,2.31957960265968,0.0107928243741954,0.021907822610307,0.00847825952411263,"AT1G06290/AT1G06550/AT1G21400/AT1G36160/AT1G36180/AT1G48030/AT1G55510/AT2G14170/AT2G20420/AT2G30650/AT2G30660/AT2G38040/AT3G06690/AT3G06850/AT3G13450/AT3G16950/AT3G17240/AT3G21720/AT3G24360/AT3G51840/AT3G60510/AT4G04320/AT4G13360/AT4G16155/AT4G16210/AT4G16760/AT4G17260/AT4G20930/AT4G31810/AT5G08300/AT5G09300/AT5G15530/AT5G16390/AT5G23250/AT5G35360/AT5G36880/AT5G65110/AT5G65940",38
"Metabolism","Metabolism of cofactors and vitamins","ath00670","One carbon pool by folate","38/4731","42/6305",0.904761904761905,1.20577548288392,2.31957960265968,0.0107928243741954,0.021907822610307,0.00847825952411263,"AT1G02500/AT1G11860/AT1G22020/AT1G31220/AT1G32470/AT1G36370/AT1G48030/AT1G50480/AT1G54100/AT1G74920/AT1G76730/AT2G21550/AT2G26080/AT2G35040/AT2G35120/AT2G35370/AT2G36880/AT2G44160/AT3G16950/AT3G17240/AT3G17390/AT3G22740/AT3G23810/AT3G25900/AT3G48170/AT3G59970/AT4G01850/AT4G13890/AT4G13940/AT4G16155/AT4G17360/AT4G29890/AT4G32520/AT4G33010/AT4G34570/AT4G37930/AT5G13050/AT5G47435",38
"Metabolism","Carbohydrate metabolism","ath00020","Citrate cycle (TCA cycle)","56/4731","64/6305",0.875,1.16611181568379,2.31550452088382,0.0109935599843515,0.021987119968703,0.00850894735630922,"AT1G01090/AT1G04410/AT1G09430/AT1G10670/AT1G24180/AT1G30120/AT1G34430/AT1G48030/AT1G53240/AT1G54220/AT1G54340/AT1G59900/AT1G60810/AT2G05710/AT2G17130/AT2G20420/AT2G22780/AT2G34590/AT2G42790/AT2G44350/AT2G46505/AT2G47510/AT3G06650/AT3G09810/AT3G13930/AT3G15020/AT3G16950/AT3G17240/AT3G25860/AT3G27380/AT3G47520/AT3G52200/AT3G55410/AT3G58750/AT4G16155/AT4G26910/AT4G26970/AT4G32210/AT4G35260/AT4G35830/AT5G03290/AT5G08300/AT5G09600/AT5G09660/AT5G14590/AT5G23250/AT5G40650/AT5G49460/AT5G50850/AT5G50950/AT5G55070/AT5G56720/AT5G65165/AT5G65690/AT5G65750/AT5G66760",56
"Metabolism","Metabolism of cofactors and vitamins","ath00760","Nicotinate and nicotinamide metabolism","22/4731","23/6305",0.956521739130435,1.27475577366675,2.28846350840994,0.0115946613734223,0.022853245605586,0.00884413529627942,"AT1G05620/AT1G21640/AT1G55090/AT1G72880/AT1G78590/AT2G01350/AT2G04450/AT2G23420/AT2G36310/AT3G21070/AT3G62040/AT4G12720/AT4G14930/AT4G25434/AT4G29680/AT4G36940/AT5G09230/AT5G14760/AT5G20070/AT5G47650/AT5G55760/AT5G55810",22
"Metabolism","Lipid metabolism","ath00071","Fatty acid degradation","42/4731","47/6305",0.893617021276596,1.19092270537919,2.27756584567159,0.0123439184040853,0.0236446887740225,0.00915042135217588,"AT1G04710/AT1G06290/AT1G22430/AT1G22440/AT1G23800/AT1G32780/AT1G44170/AT1G49430/AT1G54100/AT1G64400/AT1G64710/AT1G65520/AT1G69500/AT1G77120/AT1G77590/AT2G04350/AT2G33150/AT2G47240/AT3G05970/AT3G06690/AT3G06810/AT3G06860/AT3G23790/AT3G48000/AT3G51840/AT4G14070/AT4G14430/AT4G14440/AT4G16210/AT4G16760/AT4G23850/AT4G29010/AT4G34240/AT4G36250/AT5G24760/AT5G27600/AT5G42250/AT5G43940/AT5G48230/AT5G48880/AT5G58860/AT5G65110",42
"Metabolism","Metabolism of other amino acids","ath00410","beta-Alanine metabolism","42/4731","47/6305",0.893617021276596,1.19092270537919,2.27756584567159,0.0123439184040853,0.0236446887740225,0.00915042135217588,"AT1G06290/AT1G06550/AT1G23800/AT1G31690/AT1G31710/AT1G44170/AT1G54100/AT1G62810/AT1G65840/AT1G65960/AT2G02010/AT2G14170/AT2G30650/AT2G30660/AT2G42490/AT2G43020/AT3G06690/AT3G17810/AT3G24360/AT3G43670/AT3G48000/AT3G51840/AT3G59050/AT3G60510/AT4G04320/AT4G12290/AT4G13360/AT4G14940/AT4G16210/AT4G16760/AT4G20930/AT4G29720/AT4G31810/AT4G34240/AT4G36250/AT5G12200/AT5G13700/AT5G17330/AT5G48840/AT5G64370/AT5G65110/AT5G65940",42
"Metabolism","Metabolism of cofactors and vitamins","ath00750","Vitamin B6 metabolism","15/4731","15/6305",1,1.33269921792433,2.23642479728581,0.0133846585925183,0.025282132896979,0.00978410715827359,"AT1G17710/AT1G72810/AT1G73010/AT2G17630/AT2G38230/AT2G46580/AT3G16050/AT4G29530/AT4G29840/AT4G35630/AT5G01410/AT5G37850/AT5G49970/AT5G53580/AT5G60540",15
"Metabolism","Energy metabolism","ath00196","Photosynthesis - antenna proteins","21/4731","22/6305",0.954545454545455,1.27212198074595,2.21653016628627,0.0148722406012181,0.0277071879693925,0.0107225959633872,"AT1G15820/AT1G19150/AT1G29910/AT1G29920/AT1G29930/AT1G45474/AT1G61520/AT1G76570/AT2G05070/AT2G05100/AT2G34430/AT2G40100/AT3G08940/AT3G27690/AT3G47470/AT3G54890/AT3G61470/AT4G10340/AT5G01530/AT5G28450/AT5G54270",21
"Metabolism","Metabolism of cofactors and vitamins","ath00130","Ubiquinone and other terpenoid-quinone biosynthesis","36/4731","40/6305",0.9,1.1994292961319,2.19351509142177,0.0159878252269465,0.0293830301468206,0.011371141697686,"AT1G06570/AT1G18870/AT1G23360/AT1G30520/AT1G51680/AT1G60550/AT1G60600/AT1G64970/AT1G65060/AT1G68890/AT1G74710/AT2G03690/AT2G18950/AT2G24850/AT2G30490/AT2G30920/AT3G11945/AT3G21230/AT3G21240/AT3G24200/AT3G63410/AT4G05160/AT4G19010/AT4G23660/AT4G27270/AT4G28420/AT4G32770/AT4G36750/AT5G08740/AT5G36160/AT5G48950/AT5G53970/AT5G54500/AT5G57300/AT5G58800/AT5G63380",36
"Metabolism","Metabolism of cofactors and vitamins","ath00730","Thiamine metabolism","20/4731","21/6305",0.952380952380952,1.26923735040412,2.14244202874754,0.0190448119145182,0.0345345922716596,0.01336478029089,"AT1G02880/AT1G67440/AT2G29630/AT2G37250/AT2G39270/AT2G44750/AT3G01820/AT3G16990/AT3G21500/AT3G24030/AT4G15560/AT5G11380/AT5G32470/AT5G35170/AT5G47840/AT5G50370/AT5G54770/AT5G63400/AT5G65720/AT5G66005",20
"Genetic Information Processing","Translation","ath03010","Ribosome","313/4731","394/6305",0.794416243654822,1.05871790662516,2.08674992937618,0.0198384678185381,0.0355004160963314,0.0137385511208713,"AT1G01100/AT1G02780/AT1G04270/AT1G04480/AT1G05190/AT1G07070/AT1G07320/AT1G07770/AT1G07830/AT1G08360/AT1G09590/AT1G09690/AT1G14620/AT1G15250/AT1G15930/AT1G16740/AT1G16870/AT1G17080/AT1G17560/AT1G18080/AT1G18540/AT1G22780/AT1G26740/AT1G26750/AT1G26880/AT1G26910/AT1G27400/AT1G29070/AT1G29965/AT1G29970/AT1G32990/AT1G33120/AT1G33140/AT1G34030/AT1G35680/AT1G41880/AT1G48350/AT1G48630/AT1G49400/AT1G52300/AT1G52370/AT1G56045/AT1G57660/AT1G57860/AT1G58380/AT1G61580/AT1G64510/AT1G64880/AT1G66580/AT1G67430/AT1G68590/AT1G69485/AT1G69620/AT1G70190/AT1G70600/AT1G71720/AT1G72370/AT1G74050/AT1G74060/AT1G74270/AT1G74970/AT1G75350/AT1G77750/AT1G77940/AT1G78630/AT1G80750/AT2G01250/AT2G04390/AT2G05220/AT2G09990/AT2G16930/AT2G17360/AT2G18020/AT2G18400/AT2G19720/AT2G19730/AT2G19740/AT2G19750/AT2G20060/AT2G20450/AT2G21290/AT2G21580/AT2G24090/AT2G25210/AT2G27530/AT2G27710/AT2G27720/AT2G31610/AT2G32060/AT2G32220/AT2G33370/AT2G33450/AT2G33800/AT2G34480/AT2G34520/AT2G36160/AT2G36170/AT2G36620/AT2G37190/AT2G37270/AT2G37600/AT2G38140/AT2G39390/AT2G39460/AT2G40010/AT2G40205/AT2G40510/AT2G41840/AT2G42740/AT2G43030/AT2G43460/AT2G44120/AT2G44860/AT2G45710/AT2G47110/AT2G47610/AT3G01740/AT3G01790/AT3G02080/AT3G02190/AT3G02560/AT3G03600/AT3G04230/AT3G04400/AT3G04770/AT3G04840/AT3G04920/AT3G05560/AT3G06040/AT3G06320/AT3G06680/AT3G06700/AT3G07110/AT3G08520/AT3G09200/AT3G09500/AT3G09630/AT3G09680/AT3G10090/AT3G10610/AT3G11120/AT3G11250/AT3G11510/AT3G11940/AT3G12370/AT3G13120/AT3G13580/AT3G13882/AT3G14600/AT3G15190/AT3G16080/AT3G16780/AT3G18130/AT3G18740/AT3G18760/AT3G18880/AT3G20230/AT3G22230/AT3G22300/AT3G22450/AT3G23390/AT3G24830/AT3G25520/AT3G25920/AT3G26360/AT3G27830/AT3G27850/AT3G28500/AT3G28900/AT3G43980/AT3G44010/AT3G44590/AT3G44890/AT3G45030/AT3G46040/AT3G47370/AT3G48930/AT3G49010/AT3G49910/AT3G51190/AT3G52150/AT3G52580/AT3G52590/AT3G53020/AT3G53430/AT3G53740/AT3G53870/AT3G53890/AT3G54210/AT3G55170/AT3G55280/AT3G55750/AT3G56020/AT3G56340/AT3G56910/AT3G57490/AT3G58700/AT3G59540/AT3G59650/AT3G60245/AT3G60770/AT3G61110/AT3G62250/AT3G62870/AT3G63490/AT4G00100/AT4G00810/AT4G01310/AT4G02230/AT4G09800/AT4G10450/AT4G13170/AT4G14320/AT4G15000/AT4G16720/AT4G17390/AT4G17560/AT4G18100/AT4G18730/AT4G23620/AT4G25740/AT4G25890/AT4G26230/AT4G27090/AT4G28360/AT4G29390/AT4G29410/AT4G29430/AT4G30800/AT4G30930/AT4G31460/AT4G31985/AT4G33865/AT4G34555/AT4G34620/AT4G34670/AT4G35490/AT4G36130/AT4G36420/AT4G37660/AT4G39200/AT4G39880/AT5G02450/AT5G02610/AT5G02870/AT5G02960/AT5G03850/AT5G04800/AT5G07090/AT5G09510/AT5G09770/AT5G10360/AT5G13510/AT5G14320/AT5G15200/AT5G15220/AT5G15520/AT5G15760/AT5G16130/AT5G17870/AT5G18380/AT5G18790/AT5G20180/AT5G20290/AT5G22440/AT5G23535/AT5G23740/AT5G23900/AT5G24510/AT5G27395/AT5G27700/AT5G27770/AT5G27850/AT5G28060/AT5G30510/AT5G35530/AT5G39600/AT5G39740/AT5G39800/AT5G39850/AT5G40080/AT5G40950/AT5G41520/AT5G44710/AT5G45775/AT5G46160/AT5G46430/AT5G47190/AT5G47320/AT5G47700/AT5G47930/AT5G48760/AT5G52650/AT5G53070/AT5G54600/AT5G55140/AT5G56670/AT5G56710/AT5G56940/AT5G57290/AT5G58420/AT5G59240/AT5G59850/AT5G60670/AT5G61170/AT5G62270/AT5G62300/AT5G64140/AT5G64650/AT5G64670/AT5G65220/AT5G66860/AT5G67510",313
"Genetic Information Processing","Transcription","ath03022","Basal transcription factors","48/4731","55/6305",0.872727272727273,1.16308295382487,2.10587271336361,0.0203316822658263,0.0359105037422386,0.0138972537702162,"AT1G02680/AT1G03190/AT1G03280/AT1G04950/AT1G05055/AT1G07470/AT1G07480/AT1G12400/AT1G17440/AT1G18040/AT1G18340/AT1G27720/AT1G31240/AT1G32750/AT1G54140/AT1G54360/AT1G55300/AT1G55520/AT1G55750/AT1G66750/AT1G73690/AT1G73960/AT1G75510/AT2G41630/AT3G02160/AT3G10070/AT3G10330/AT3G13445/AT3G19040/AT3G52270/AT3G61420/AT4G12610/AT4G17020/AT4G20280/AT4G20330/AT4G20340/AT4G24440/AT4G30820/AT4G31720/AT4G34340/AT4G36650/AT5G15570/AT5G25150/AT5G27620/AT5G41360/AT5G41370/AT5G43130/AT5G59230",48
"Metabolism","Glycan biosynthesis and metabolism","ath00514","Other types of O-glycan biosynthesis","13/4731","13/6305",1,1.33269921792433,2.08166725822273,0.0238062990213085,0.041508418806384,0.0160636295690341,"AT1G17270/AT1G19360/AT1G53770/AT1G75110/AT1G75120/AT2G25260/AT2G35610/AT3G01720/AT3G04240/AT3G11540/AT5G13500/AT5G25265/AT5G50420",13
"Metabolism","Metabolism of cofactors and vitamins","ath00740","Riboflavin metabolism","19/4731","20/6305",0.95,1.26606425702811,2.06600374579518,0.0243444396396331,0.0419094150758241,0.0162188138838328,"AT1G14700/AT1G25230/AT1G79790/AT2G01880/AT2G01890/AT2G20690/AT2G22450/AT2G44050/AT3G17790/AT3G24030/AT3G47390/AT4G11570/AT4G20960/AT4G21470/AT4G29680/AT5G08340/AT5G23330/AT5G59750/AT5G64300",19
"Metabolism","Metabolism of cofactors and vitamins","ath00790","Folate biosynthesis","29/4731","32/6305",0.90625,1.20775866624392,2.04257826468846,0.02514700059169,0.0427499010058731,0.0165440793366382,"AT1G01290/AT1G16540/AT1G29810/AT1G78660/AT1G78670/AT1G78680/AT2G21550/AT2G22450/AT2G28880/AT2G31955/AT2G43760/AT3G07270/AT3G10160/AT3G11750/AT3G55630/AT3G59710/AT4G30000/AT4G34570/AT5G05980/AT5G20990/AT5G41480/AT5G42370/AT5G51030/AT5G51110/AT5G57850/AT5G59750/AT5G61830/AT5G62980/AT5G64300",29
"Human Diseases","Infectious disease: bacterial","ath05100","Bacterial invasion of epithelial cells","24/4731","26/6305",0.923076923076923,1.23018389346861,2.0389124436699,0.025850090409875,0.0434026209350988,0.0167966799284438,"AT1G10290/AT1G13180/AT1G16590/AT1G20090/AT1G30825/AT1G59610/AT1G60430/AT1G75840/AT2G17800/AT2G30910/AT2G31300/AT2G33385/AT2G44690/AT3G08530/AT3G11130/AT3G27000/AT3G48040/AT3G51300/AT4G01710/AT4G14147/AT4G28950/AT4G35020/AT4G35950/AT5G45970",24
