id,logFC_x,logFC_y,padj_x,padj_y
AT3G09955,5.2195930187625335,-0.05308645551245398,3.036486614490696e-6,0.7490413199428527
AT5G06850,5.081448144880281,0.1904386899711656,7.201076159610923e-43,0.6793471326357179
AT1G19480,4.76858109191041,0.004473251876572727,1.619337707242934e-138,0.951115371245914
AT2G09170,4.608523460915504,0.26825528015716266,2.84159060479134e-7,0.4482276010442739
AT3G03815,4.431643346816384,-0.35042796537997456,5.093729852807806e-10,0.5332095834980185
AT1G05773,4.392154241024534,-0.15057085888001212,1.2352117920841579e-11,0.8532806490371946
AT2G00890,4.349059645003074,-0.3212809107198106,1.5811316606661353e-14,0.5629270869667455
AT1G64563,4.180597002671173,0.3917261948403435,4.5191767744065734e-17,0.8309827955334754
AT5G03435,4.056484166932318,0.26006259129838755,3.7181313567516497e-6,0.7474830213212926
AT5G06165,4.055305235089771,-0.1148811484866991,9.267128164871067e-4,0.7494635004780548
AT5G00760,4.028604640688668,0.48950526754603163,1.0573725131453023e-8,0.8744333386542971
AT1G07957,3.9539843002162254,-0.13728846606389702,0.02945564284053564,0.7030683943209545
AT3G02495,3.925053977823167,-0.023196066934907115,0.00452387436903928,0.7526926117307753
AT1G09363,3.9129115715174048,-0.46265687082129514,2.4731417172308424e-6,0.9385099905344945
AT4G10320,3.882594419731141,-0.11930399631156612,3.542193014792913e-52,0.7170832336412567
AT2G38220,3.86563761481611,-0.01681377520460139,0.012766300974423267,0.6350162531223025
AT5G01760,3.6005618624621443,-0.49686468815626766,1.6227238010972712e-4,0.9248423806352276
AT4G14620,3.562268734114196,0.1141852169050213,4.113429417931947e-8,0.8925587613864752
AT1G07637,3.5565369794408377,-0.02522906626531581,0.007904534852876073,0.5603355712873594
AT4G01160,3.483998456520894,-0.031611357995621356,0.04029517292960927,0.7664081584492577
AT5G00400,3.4839236966086773,-0.31257829379674434,0.0015727112443141107,0.7324511729005507
AT1G43640,3.4595370674135464,0.050220208352602984,4.853953244924645e-6,0.9900846454792331
AT5G02605,3.413377217613191,0.4533423417649126,0.0021541000423720823,0.839864394493433
AT1G04577,3.399806389807064,-0.05308645551245398,0.04696950035158747,0.7656420663687428
AT2G11280,3.391709799961885,-0.01681377520460139,0.02080990510846896,0.593236431111693
AT1G04797,3.3812236194362346,-0.40725573398001513,4.21363111994981e-4,0.9654869806620949
AT1G69710,3.374695457703663,-0.47447202626405094,3.5481325441462646e-5,0.22886728485911417
AT5G00540,3.3740394056737406,-0.25450084992917527,0.005332672524835358,0.5388322775496643
AT1G06753,3.359812944052534,-0.26313680076127205,0.006529644134749417,0.771565757506017
AT1G08825,3.3520662842474436,0.06938809563069254,1.627374919452619e-5,0.9779759563520211
AT1G79245,3.285139305339834,0.18807290414135844,0.025111086274144472,0.9221246825755425
AT3G60920,3.2589772028569746,-0.4425745330194197,5.964559179665581e-5,0.6879808732881935
AT1G58561,3.2408164036323805,0.34094557379893353,1.7042372581131424e-4,0.7750777515204859
AT5G54240,3.2405671476155122,0.3717917038705558,1.1352671328497909e-7,0.6740779565701611
AT5G02425,3.2298877777561543,-0.021486886311039177,1.2780310935542685e-5,0.8891150835466186
AT2G32550,3.2117636360561557,0.4951163200029322,3.9441860611846894e-5,0.6873808652141936
AT4G30830,3.18211601832403,-0.44875407737872375,4.0277061466171516e-5,0.736226919294159
AT1G28840,3.173138609754999,-0.15788806183875842,0.04103643802622323,0.7607424591284673
AT4G31408,3.1703914063095033,-0.3809190471734069,1.2148089211905118e-4,0.9991339954416726
ArthCp079,3.152145750362158,0.15499160712231522,0.007318396072878245,0.8538863738120345
AT3G53480,3.1308461181196745,0.2307158066631971,3.9559725623391563e-7,0.5373996051062062
AT1G05467,3.102529267762508,0.26678131021209,9.850148141675347e-7,0.6701179216268357
AT5G02875,3.0857083997587065,0.4939027368776383,0.010759208746177437,0.6455575951423683
AT3G23260,3.0380288369476935,0.32381724632778497,7.349176108497001e-9,0.7747578310548848
AT1G13150,3.0092456620194996,-0.020552053589948428,2.0771629065675286e-4,0.991644606652598
AT5G48010,3.005140310287923,0.08278137699844718,0.0308107480864172,0.7265054937385985
AT1G14640,2.997912774322971,0.18727542858855972,1.0959423735343696e-10,0.8946317290173964
AT4G02885,2.974290683595336,-0.34421708518373967,0.008209101947241705,0.5667145951949306
unassigned_gene_13,2.9638437339726433,0.08418990811208524,0.0013779969736934365,0.7894521143523437
AT1G48820,2.9481536936175936,-0.18044005168545377,5.519325372696696e-4,0.7052561625915735
AT3G18300,2.938037973544922,-0.02144037990598022,7.49967630986764e-8,0.9947546611349836
AT3G26614,2.882163007776995,-0.04696535745873239,0.028901265469418656,0.6553001911820097
AT5G59660,2.8647805125884593,0.4521497039025839,0.0025517924086179964,0.7404066804596695
AT1G04973,2.8497981964542456,0.15768679263661362,0.0010424609888969104,0.77175045873312
AT5G02575,2.840542008070937,0.3979716087835243,0.006041412469140404,0.5094334671093659
AT5G44063,2.820374602381605,-0.22093900486498255,0.0029222832397398485,0.7201968817744255
AT5G49070,2.8194409915875007,-0.44286925010782086,0.0022185802391748743,0.8738352731657847
AT3G44770,2.794114134926075,0.2716242007659246,8.100173561680429e-5,0.9523396695133873
AT4G02000,2.7892562356218242,0.0373242976116848,0.012632128827598321,0.7407949627402549
AT5G27860,2.7804394899142655,-0.4984781028244275,1.3739280422045834e-8,0.42316168372889085
AT1G71330,2.772388686193849,-0.30211014333455455,1.1759879270458336e-10,0.7447833536370738
AT1G01040,2.7633395199721007,0.06255802838370585,1.7903487003035982e-8,0.9343558998023963
AT1G79915,2.7518403877787523,-0.397334630055873,0.01767823905529783,0.5681278263022813
AT1G46552,2.7497797527719205,0.46151894049061876,1.3085310956632653e-5,0.7841840299140065
AT5G28440,2.749758531177806,0.31479891632502116,7.784480881122455e-4,0.7136441951950183
AT2G40850,2.747711211509119,-0.44814194989242856,9.183266634206232e-5,0.40064803661433446
AT1G29357,2.7382713051652665,-0.02043532621656223,2.0253690723591508e-7,0.7954804005381508
AT2G11150,2.7290074660044565,-0.06309593609837748,0.0013354974795422138,0.8821814676712811
AT5G43980,2.722991350101706,0.4967401410972094,3.4059976253463702e-6,0.4914770257090864
AT4G24910,2.698668107638605,0.25221349871633036,4.715757454921457e-9,0.6051349712437843
AT5G01570,2.6889312981044626,-0.1965244587721033,7.550842058274803e-5,0.6477975845615455
AT3G02260,2.6731128701737137,0.352920400031557,0.007262173906664505,0.7816517378677097
AT3G09725,2.6554729925274154,-0.40208313597961043,0.029894562285290072,0.8628277769109186
AT4G02005,2.6250060888838638,0.43050061326808436,8.368827361369176e-13,0.4227240686313843
AT1G64561,2.6199473841214744,0.18514866980380698,1.2869420162386524e-6,0.7714043711001805
AT3G55450,2.6189330421993615,0.4622025976900151,2.0343267547506e-4,0.6019583748493486
AT5G38610,2.6133414493927694,-0.33322824251416133,0.00122977077755104,0.5625257109109943
AT5G43860,2.605909961900942,0.23081918831358686,1.4693810786757242e-6,0.7541970066898034
AT1G51460,2.605313808710057,-0.33395037937167227,0.0013883413700240058,0.7803563232986825
AT5G11350,2.5902415783552257,0.33783051767237104,1.1039468257948232e-35,0.18113874326176982
AT5G14650,2.5849370425033,0.425384366595045,2.3429748079110866e-5,0.461345968495496
AT2G39950,2.581722747058293,0.47317673521486714,7.423869239113942e-25,0.10547787241271524
AT1G05894,2.5777941765243266,-0.20252539864812635,2.0853022149236363e-4,0.3542653195341991
AT1G48090,2.561582433050587,0.45752627923327355,4.854528311369205e-8,0.43476615870459334
AT5G24670,2.5174232954759557,-0.45045358238959027,2.074820777470687e-6,0.49794035031803685
AT4G08705,2.5128013032227225,0.1301346471456993,0.006600501809080474,0.9825318016638109
AT3G46480,2.5065720173376884,0.02214855688701366,0.003269508390531318,0.7220437229550218
AT5G17260,2.5039123467166515,0.21731311177303556,4.765626611832655e-4,0.9896183014344008
AT1G01600,2.4959518618922414,0.029899243881636336,0.0036537662724647904,0.8759046817911795
AT2G36830,2.4493035935399807,-0.38321215488120397,7.683806423921273e-9,0.47064052325511224
AT2G43375,2.4435671740975318,-0.2517353776513555,0.009575717646937956,0.6339950539323471
AT3G59320,2.3825280046943766,-0.35333602710407436,5.7717464321766606e-5,0.6352422510880844
AT4G22770,2.3791866843942135,0.28856897374417845,0.006514786452604588,0.7805928943640149
AT3G59530,2.3603535302161767,-0.18948862310532044,7.756586284093993e-7,0.5257538097986424
AT3G14640,2.359048677002988,-0.460606723534023,0.015045093348580427,0.8891672206779928
AT4G36080,2.347467363613977,-0.4286858275499739,0.005407211872184221,0.6855988423570026
AT5G55100,2.309062737998555,0.4600656008776513,1.571195600385573e-26,0.07385044167564221
AT3G54990,2.2881017526171306,-0.12070717758642587,3.5648342016506624e-6,0.9825327859516949
AT1G31600,2.27461993474683,0.09787574001405493,4.58146180061371e-8,0.8670964549946255
AT3G07215,2.2636785124562917,0.3592520173846171,4.2549641984861825e-4,0.6732507487448472
AT5G48370,2.2603512614697805,0.4758042818053399,1.6260510239076288e-13,0.2104029946348055
AT1G36370,2.2544614039725244,0.47323817905041127,4.0978910955301135e-5,0.4923717067484211
AT2G19330,2.252311392187601,0.43129042223625813,0.017109459551651742,0.729069860093771
AT2G03810,2.250931368192584,0.43742142366075654,2.2427798706621904e-18,0.15635173165201077
AT2G04955,2.2407438594850118,0.15105002236257983,0.0011168516699588181,0.9766479112497669
AT3G08170,2.237449677863615,-0.20140617781137987,0.028816328535892523,0.6625606618327553
AT5G58410,2.2368769284055006,0.4369166181132437,6.6648812947186e-7,0.4388857118358367
AT4G15180,2.2348923672051884,-0.11801475236431279,0.0022174773908452956,0.9005618778009685
AT5G04740,2.2251109915745464,-0.10423317119899664,5.8489563171784115e-6,0.8764754596658412
AT1G74870,2.210897045666411,-0.06924638442744666,7.8115614470074e-4,0.9276043574498776
AT1G55860,2.2024436503837483,0.08423725139606598,0.02615753322526414,0.9493403010219656
AT2G36850,2.1799260477076183,0.33439556861412917,1.162424850787791e-8,0.4883610613940767
AT2G27190,2.1719961956359715,0.17625568963098354,3.3019379184035882e-15,0.650038304964551
AT3G58770,2.1606598763165907,0.3616180791886813,0.002985554864451527,0.8931417321062574
AT3G17220,2.1467403943058763,-0.3486858139700574,0.008524948657761652,0.47155023932938916
AT3G17225,2.1417024484355944,0.230347885628719,0.0012938011859835103,0.5964867347408479
AT1G02270,2.1205111957944194,0.2349483024723607,4.866632016503563e-11,0.5643806775629703
AT3G47348,2.1181322104625084,-0.17453474252415324,3.5835862372345415e-4,0.6191963520546531
AT5G38070,2.115233151779516,-0.29142340956153495,0.004546491615978192,0.6528994252943512
AT2G25530,2.113063433592302,0.0686920241416663,0.010448764340238946,0.9818522704038166
AT3G58900,2.098073189011614,-0.12593073219063403,2.0455142672833412e-23,0.7881188862736074
AT1G54660,2.0962884635642203,0.32045199223632187,0.004437231936123973,0.7284551438462843
AT5G01670,2.081443620408826,0.4597395177709543,4.4296841524771535e-4,0.538997673916157
AT4G38200,2.0774362179388466,-0.2017555186959603,2.058339927351228e-6,0.7063805410867301
AT1G19140,2.0753815371644477,0.3988153972589143,4.414944771872218e-5,0.5436903655228081
AT2G37840,2.0697108423723343,-0.27623822891343136,3.3826905626278436e-10,0.5081714084742857
AT2G45540,2.06178873238022,-0.24055268106421052,0.0022351748003953263,0.7788317983911079
AT2G46560,2.058229712952722,-0.31465455043894097,7.233523777542659e-4,0.681157123807074
AT1G74456,2.045630371837896,0.03125073428616257,0.005939240135794513,0.9845981533355109
AT5G43403,2.0434814636631073,-0.25818164787416537,1.714244137333322e-5,0.7816517378677097
AT5G57160,2.0390018015905356,0.47505477212089103,7.555480874823032e-20,0.0758791789155635
AT5G01750,2.037682485116722,-0.10306100357373615,0.005330378083967437,0.9155348590728954
AT3G50370,2.0305012589154163,0.2689239541673504,6.955209773281738e-4,0.7269852229905522
AT1G79930,2.0203390434647854,0.411888733239035,2.5519803883569048e-18,0.14262063744295778
AT4G12130,2.0036087675162997,0.4275762384804589,0.010550437011162758,0.674068579488854
AT5G52300,2.003490446254066,0.33209973339431614,0.010393577728583608,0.7284551438462843
AT5G07350,2.000441992363981,0.4695256675541758,1.1358909880627765e-22,0.0526040284567577
AT1G79710,1.9997926300713373,0.4540575763523549,1.1382415664613609e-10,0.42437870803314054
AT5G24850,1.9824617812612848,0.3111137758300195,3.8081698359012434e-5,0.6248384247980567
AT1G08720,1.9720255653275076,0.3386026076347986,1.611788006356094e-10,0.36943907747821714
AT4G06701,1.9615499099150009,0.029778407505503306,0.00877852834504694,0.9720305101833747
AT5G64390,1.9571449924084763,0.20544249542115348,3.274537897141687e-5,0.7394332312098715
AT2G26780,1.946406192611889,0.029594203043104846,0.031173920362483742,0.9819026241876959
AT3G04620,1.9416163051090374,-0.00411223445293868,4.3979732028371344e-5,0.9871656971843258
AT1G03495,1.940050509818747,0.43878689742895993,4.7902136012712457e-4,0.5464734200893354
AT4G30900,1.9314690987894632,0.42568440490963394,2.8750609459630217e-15,0.15761803821144357
AT3G19020,1.9313745519202747,0.2811293671369145,1.0656530444552888e-6,0.620463664490563
AT1G06760,1.9267653993370806,0.4129789706998153,0.0011258415862914234,0.5727277762642128
AT1G24460,1.924700125042428,-0.18689592797126733,1.1714180928626347e-7,0.6820821383274966
AT5G60170,1.918573907635597,0.20797703989834568,1.5355459950468667e-10,0.5984088790204933
AT5G24352,1.9092958731524625,0.3752680402233763,0.001044932896251025,0.6846098273642324
AT5G01950,1.904747334838111,0.16659482173583662,5.758672964489146e-10,0.6928959899685577
AT2G20770,1.899014352076863,-0.06901303545682165,0.011339045478526424,0.9566803591638806
AT2G01008,1.8975926487265984,-0.4910804642624791,0.00686111538624686,0.5442305508430697
AT2G26890,1.8875351116843329,-0.40931058739180876,0.0486797811847154,0.7301986291618963
AT5G35700,1.8734897826693309,0.30002177010584746,1.1106476565466046e-16,0.30062920554358835
AT1G68840,1.8729183521281714,-0.4885348600996005,1.5591827952486965e-4,0.42248597194265003
AT4G02120,1.8717361515778999,0.347766714535252,2.0193727682299295e-16,0.20996980284527103
AT1G67500,1.8701391454717393,0.4598479140275588,0.026745776899186797,0.6613181797429525
AT4G19080,1.8666775859725342,0.20195610077590165,0.038133667544765,0.9718712410428457
AT2G47330,1.8651841176820294,0.4691144159667267,5.105948043638994e-18,0.0624633719630019
AT5G37370,1.8540422413360296,0.16676535876701085,2.8232680929571943e-45,0.34267180274196885
AT5G52470,1.8493352386899964,-0.09120134744566118,0.004561103636655399,0.915471384419285
AT3G11130,1.845169670215771,0.32601016839049807,7.358601443297987e-13,0.3047709858289494
AT3G32940,1.8441973145460875,0.41992129283261714,2.0224190167385494e-13,0.17090848149165241
AT5G41800,1.832359718930252,0.490444461315216,0.04082509864570358,0.6529357749241042
AT2G25690,1.8243354515748078,0.42930562578740855,0.0120011486854262,0.6539139340302348
AT1G73066,1.8220466589449715,-0.4218081601171634,0.021651803724457467,0.8820770195725502
AT3G07530,1.8192600640704515,-0.23396321068613282,4.254338748482787e-11,0.47263867322810027
AT4G38600,1.8179830586267305,0.4088825771311797,1.2536916287168447e-5,0.42719630227730615
AT1G80490,1.8156103742697909,-0.026729461085582096,4.1053754199750436e-11,0.9398868598927996
AT1G50730,1.8029598183100433,0.35251007484371055,4.21261111193229e-17,0.16665445142572236
AT1G74453,1.7982160152989985,-0.32137585179294326,0.011317958272592549,0.5765413960636557
AT3G45440,1.7981396341357014,-0.0035821428937429668,0.03150137190332778,0.6339325666654628
AT4G02845,1.7907838440262327,0.02434120784500453,0.04199897016355723,0.9763919799875503
AT5G09710,1.7859178821135544,0.42996187166358996,0.004219472355655503,0.46095564263876776
AT5G06600,1.7715268372812236,0.2955204630815786,1.2216516351861941e-23,0.1714879709661411
AT5G11250,1.7659184848332699,-0.08997801631767147,1.0775917461336743e-8,0.8080025588035095
AT5G13530,1.7613311540806669,-0.20744026309834865,0.005683733657248768,0.7970976290055407
AT1G09140,1.7522729309001321,0.022300334129122964,4.312406166854076e-15,0.9315624293058866
AT1G69780,1.7515699513431509,0.17063143505942352,2.9149945631210853e-7,0.7040711502017565
AT1G23230,1.7452033719394864,0.43658941919905636,7.123321870177699e-7,0.32232624692387285
AT5G44510,1.7398698534929424,-0.4557605089332078,0.017919471624770963,0.6054960482259113
AT2G36290,1.7378317733022837,0.22434468074552666,6.952083295957728e-14,0.5311720165415176
AT5G58200,1.7209742009711246,-0.02009992268353928,3.2170486341286767e-7,0.9708193735940828
AT5G01400,1.716868933616187,0.1872445632193448,7.259620235617083e-8,0.6697075043497007
AT4G32850,1.7104710890753956,-0.08244369005415633,1.4397079981963678e-4,0.8931417321062574
AT2G27170,1.7091517885919894,-0.14816005285039016,2.2522841278802662e-14,0.5674366920366408
AT4G16920,1.7083977729692648,-0.1251326110079625,0.014786490538366713,0.9606017220949523
AT2G46020,1.707723919320279,0.020025020972741097,4.0962425152641925e-4,0.9760250719439029
AT1G73350,1.7060416461374799,-0.30584429501628324,9.43959591526072e-10,0.36639041736651734
AT5G61960,1.7012595730971796,0.25173658946562527,2.0341557590838983e-5,0.6180484340379929
AT1G77300,1.683671230210681,0.1891690789191499,1.708679901074113e-6,0.6970205795854373
AT5G58040,1.6778989076192004,0.11331842240090345,1.3200075420114015e-10,0.7491522969615452
AT4G23540,1.673104808705686,0.3870745906124829,0.0027762589736982065,0.5965680133161367
AT5G64070,1.6663044376594043,0.43412742761724404,6.409516282730187e-7,0.2859147104952822
AT5G57710,1.6630551258146966,0.17067594568959288,0.0038168914345390152,0.8186482762554925
AT3G08530,1.6629429463699503,0.010630759528597057,8.021118383789801e-6,0.9870919939939833
AT2G35110,1.6614631471934185,0.0358923856816326,5.790199390506098e-5,0.9685708635584724
AT5G40920,1.6556220670257222,0.3964038485178459,0.001969539554866039,0.5558485641196226
AT3G50590,1.6482683818051305,0.09592274931222199,1.2196741797250053e-16,0.7391357701259454
AT3G52030,1.6427855680026504,0.35108164296893973,8.592492000062324e-17,0.14040677961607823
AT4G31390,1.6423812277461562,0.46212932833566855,1.2895850150571968e-5,0.3198529709832661
AT5G05680,1.6335525161783138,0.20174406893492894,9.10819481475911e-8,0.6687934546621787
AT2G14680,1.627496979889072,-0.19557007109940736,1.5445529014652546e-13,0.5091188695775963
AT2G21390,1.619185864647547,0.1537082033729566,3.4793980917115537e-7,0.7124933014359403
AT1G52360,1.6168140827137958,-0.07327083779358105,2.3204277951923026e-10,0.7992013680049387
AT2G36500,1.6016365931986816,-0.36444017653108507,0.011275934135592395,0.7587982815386374
AT1G30450,1.5929380954795274,0.3333177489650875,2.1870094785164065e-24,0.11074931296982957
AT3G24880,1.5920632090016986,0.19810258673174927,0.0373866527941215,0.8447782859301097
AT3G18170,1.5905073132122651,0.10361894010626194,5.776898181338608e-4,0.7549786647951735
AT5G04460,1.5890133776803455,0.08603949252700874,9.666265107859355e-10,0.7710162240031994
AT3G15980,1.587924591607994,0.4789585870770254,1.0132673734041107e-5,0.27180083394981874
AT1G15240,1.5835745064633469,-0.3187583617767426,0.001052852782310676,0.6037453638159911
AT3G09560,1.5807907981284266,0.08973991893703939,1.465206014701235e-7,0.847992522454232
AT5G10730,1.5795306423516164,0.4806192266612612,7.125782155673534e-7,0.22452341477215237
AT1G63880,1.5686389258384812,0.37565050251819515,5.41371474795029e-8,0.2843555717294552
AT2G32320,1.5669208188629191,0.30055158979943764,2.440184229799782e-27,0.08577127812049432
AT1G32750,1.5603198603645618,0.4498063257521358,3.0061378214540424e-9,0.15252280066852608
AT3G63070,1.55859450338267,0.10699087171773694,0.0010388915076650392,0.8677021846704781
AT5G17370,1.5578197090495,0.29810018843539426,0.003884652651203877,0.6866252779128285
AT5G01560,1.5507152276231535,0.4222910513252682,1.5254572154187402e-6,0.2818272273192844
AT4G38240,1.5502337717812498,0.27521577761914634,6.030781986553501e-6,0.5194832342128128
AT4G16280,1.545828813329913,0.264995133562606,3.212997572788946e-8,0.4621255442382176
AT1G64572,1.545641703483181,0.05869296887674424,0.003180810048027628,0.9217919909235225
AT5G64270,1.5435018862364422,0.08598293783194838,5.368180745570547e-7,0.8469729559225088
AT5G51430,1.5379838084502662,0.38753815082339427,2.0458903960065022e-16,0.08943682691286475
AT5G08710,1.5348813780203785,0.49870735753131906,2.4270793858253335e-14,0.05797814679279543
AT1G80210,1.5309403729311926,-0.37736706239868395,1.1958169192114749e-4,0.4490985735123009
AT2G44710,1.5230252422539134,0.13034761815521473,8.426021193099067e-11,0.7218421819190731
AT3G62360,1.520759102603222,0.01731722332608488,0.004217593069520384,0.9852771055414548
AT3G20080,1.5164811720531328,0.05256287547749344,5.366386165014402e-7,0.9892463903126243
AT1G67340,1.516173592836317,0.3401117137170607,0.0013904730824452498,0.5655547265682107
AT3G09360,1.5154022205076316,0.07543025398370998,5.526901234240204e-11,0.7923571518164508
AT5G02500,1.5107295959777223,0.42541505885601055,0.001944392879150144,0.47592734039665385
AT2G16485,1.5063789464355894,-0.05165858467077915,0.04694444139978837,0.9568921564459856
AT3G27930,1.5047118234904717,0.43681719203179725,7.629221671544772e-18,0.053910644356347036
AT1G65440,1.5029215587077505,0.44871049736629054,1.3167332062907603e-5,0.2826920034431795
AT3G27470,1.4988789708449968,-0.1950018684342227,3.995310796721419e-9,0.6180484340379929
AT3G54670,1.483605081020229,0.4806492779718946,2.5562636648616984e-9,0.09169726758443689
AT4G08250,1.482409142329954,-0.3805402181275998,0.023296344555871953,0.8667995432974115
AT3G13300,1.4817081238788483,0.3081286288979973,9.921325327355021e-4,0.5848581116617497
AT1G10170,1.4811117150832271,0.29763281628025084,1.007874628367172e-4,0.5310701599595755
AT1G75860,1.4778761902096624,-0.059636804101911106,1.8788863253855412e-7,0.8668456009033881
AT1G65580,1.4709190816068785,-0.12290782023764733,1.75539561587154e-8,0.7045501662136702
AT1G63770,1.46950420036085,0.07946173963554164,3.4927552581037776e-9,0.8092563801978545
AT1G09730,1.4613046586409826,0.2926046138788023,1.0173541885400469e-5,0.4809986537524857
AT5G42950,1.4559632143073304,0.15892029419566478,5.194880784855936e-4,0.7695589836669181
AT3G25840,1.4547121145900244,-0.48348886870405355,1.8404720031408586e-4,0.2964055742467802
AT1G04300,1.451486302120935,0.282956987870885,4.9367986246519636e-5,0.5236152227151561
AT5G19660,1.4460159505956731,-0.03049370866705862,0.017832587149466488,0.9676397997611748
AT2G18760,1.4440191056394138,-0.09776919456551351,0.018812499965006536,0.8946905474063478
AT3G63400,1.443053654366629,-0.006401604640901954,7.510062873873766e-5,0.9845981533355109
AT4G32440,1.437769186048327,0.29455015849558336,2.27045073805067e-6,0.41205180978708617
AT3G33530,1.4252499333742625,0.40972683629436474,1.089505228268274e-6,0.24931180644985287
AT3G58050,1.4143292871582624,0.47874270127438157,2.495041297035747e-6,0.1856803194968691
AT5G54390,1.4134180042485973,0.1305507838635484,3.152635371332755e-4,0.8018911669611605
AT5G67170,1.4109819172802354,0.26533856742736,3.176492960250861e-5,0.43879363655753545
AT1G59890,1.404574868128053,0.2645035288859245,2.557460268248496e-9,0.3635725713498443
AT4G02030,1.4041582245555972,-0.1596594946506093,5.776123464434424e-10,0.6042634600283135
AT1G35660,1.3929537992789978,0.24825536807227533,5.595400762053729e-4,0.6389912301248466
AT2G32840,1.3912625895317257,-0.34776608722265884,1.1820268884498805e-7,0.24618305719780795
AT3G13290,1.3873513201686634,0.3647265822075407,2.7415338644667605e-4,0.4607837179812523
AT1G79940,1.3856636402158222,-0.02195412859756421,1.72648343611312e-16,0.9005618778009685
AT5G09690,1.3844853518238154,-0.43355760391053233,0.010526910308416595,0.6915703849235274
AT1G66260,1.378040299132073,0.48593206803733463,7.710188008464151e-8,0.10554527211212054
AT1G01780,1.3744290349828598,0.12761929188138907,0.04308646631180269,0.848596938734631
AT5G53930,1.3704885358453094,0.3091993295947087,0.0014033044685990471,0.5648189918730554
AT3G57680,1.3680600581914741,-0.0915515982235311,0.010838488246957191,0.80544294004584
AT1G65280,1.3637865899293093,0.37967950205787804,3.7435936483258904e-5,0.34428831597407555
AT3G01780,1.3615419645164442,-0.29407272074912627,7.033216838506427e-7,0.3670894886611515
AT5G17020,1.3566691192414968,0.17279279520294266,1.1843335190714005e-15,0.4368318310060972
AT5G16300,1.3535743423730549,0.31638619579502875,2.6280969774701394e-7,0.34425999374504723
AT3G09370,1.3526335428357856,0.3326543137227596,3.321730379009895e-5,0.3831839647979768
AT2G47650,1.3460709209833532,-0.4845738231205739,0.001830325237016009,0.3531338750392036
AT1G67960,1.344045124188665,0.4519068512037652,8.667116363013442e-8,0.11522792503828806
AT2G35330,1.3440143301813947,-0.39115067674523335,2.58278790007727e-4,0.37399031124544263
AT2G19240,1.3337241464741902,-0.4595894446474988,0.03687202587774028,0.8479360500873666
AT1G71270,1.3321904746777307,0.3612658244305828,7.4906018836571824e-6,0.3350273318338407
AT4G34370,1.3319879533136627,0.40622714398770204,1.759082968609719e-4,0.3341950085194106
AT5G28350,1.3257860521668612,-0.4754542795799778,0.01746283199849336,0.4770497189403603
AT5G54830,1.3214481825948419,0.08311103492659302,9.954549441761392e-14,0.6456090314030957
AT4G24680,1.3188886779234952,-0.17260227741548437,0.02659079408110569,0.8181955511851431
AT1G54370,1.318677147371214,0.17847973670050105,1.3314238037608813e-8,0.5418787387706597
AT1G54510,1.315521930860227,-0.33230567290293933,0.0023555969865347902,0.6248384247980567
AT5G12400,1.3125951838201007,0.2998390076471413,4.091686559650756e-4,0.515960514323968
AT1G67490,1.3090329518280721,0.19940715996919872,6.413353421951333e-5,0.6406683301535492
AT1G18660,1.3023276947574132,-0.24691585570861552,0.005055670199989621,0.6578413339675492
AT2G17970,1.3009545702511214,0.06849329895136437,6.830217749180287e-4,0.9280307587272906
AT2G17530,1.2978403420212665,0.4521039325710318,5.0871808479778525e-8,0.08570974112225525
AT2G17150,1.2884500678391173,-0.39336756294348985,0.005309679649336999,0.5019755060368749
AT3G49645,1.2861069284411635,0.29466859710130877,1.1437630926957667e-5,0.3957606809886931
AT1G49240,1.2822596023603827,0.18062457210551155,0.03658079292859633,0.8151914578510681
AT3G14400,1.2793997080583606,0.13295859770135485,2.9894590894349972e-5,0.7537084393738794
AT5G42220,1.2586017391090236,0.11433124886535265,3.5350113951100046e-7,0.7536807984490325
AT1G17070,1.2559371658427663,0.4544384439261183,8.61225645052717e-7,0.1703760814189615
AT5G06110,1.25573471586572,0.2130028638837465,1.6969406706539678e-6,0.5113276141879464
AT1G45231,1.2549453938830486,-0.11241181734836347,2.753737639099555e-4,0.6857815771690793
AT3G55320,1.2460271356294323,0.34707998130974926,0.001332547288926626,0.47531064827704855
AT5G27930,1.241683413728342,-0.43367135842660426,0.008410279746451628,0.4461309999811435
AT5G37055,1.2291347931487135,0.26901778210642047,0.004286192968965981,0.5643144065506513
AT1G11060,1.2262552444563126,0.2662482665483857,2.0381237967772923e-9,0.3383414932288665
AT2G32295,1.2259576690514107,-0.27711060357576145,0.012346608420034516,0.6325952333274091
AT3G07100,1.2246551434997703,0.3379605772945223,2.0048383911361604e-8,0.19786188473392405
AT1G04860,1.223662474457504,0.12232476505816926,1.4027429191855119e-9,0.6924092482547949
AT5G34853,1.2229416297070799,0.3709686681342671,2.062883997747177e-7,0.1914864253346501
AT5G63950,1.2215669865827692,0.42380430581387507,7.40828643768816e-6,0.24610318356946445
AT3G54540,1.219817437053008,0.38774765072881495,2.1045616411383041e-4,0.3252676427325523
AT1G51370,1.2122839424761602,0.4771923571758816,8.314228665599468e-4,0.32026563139561337
AT4G11380,1.2117898353165548,0.042724130629679793,4.5195088261216494e-8,0.9356444940992161
AT4G19600,1.209755891624698,-0.1615099318907582,0.002466158774534067,0.7501899096329985
AT1G58220,1.2090092238058057,0.4560640232730353,0.022968347398312657,0.46966936546204624
AT1G23190,1.2081872132826441,0.04925119762786524,1.2029120445582373e-5,0.9148304931587301
AT1G28390,1.2050906268837818,-0.20658701948754837,0.020037537334976496,0.6600773883942966
AT1G17680,1.199429905691116,0.33160167460077067,3.8863362313922733e-4,0.41062432125207654
AT5G05350,1.1984378989616433,0.25413896846990536,0.03972725551248851,0.6198833456543935
AT4G34110,1.1944219754439773,0.3861731439751619,4.40969707356029e-5,0.2699599668048422
AT4G32620,1.1942520359479902,-0.03938427484551787,4.8413122794653925e-4,0.920144065023889
AT2G29140,1.1923533402512292,-0.24500878833099243,8.381489574810844e-4,0.5570196284162525
AT5G08450,1.1909183730413766,0.09155918556312141,1.600644783994979e-6,0.7974027820230886
AT1G48050,1.1884350310153409,0.48242015761582097,1.673001387787882e-8,0.05077244680791294
AT1G70750,1.1877223363736211,-0.23404320856869673,0.0475221528660298,0.7537504801820044
AT5G16780,1.1859178803763857,0.13963305450593144,2.782551309795776e-6,0.6623232012307515
AT2G44490,1.1858408571931391,0.1523700089502705,5.313909761711359e-4,0.7279090646777826
AT5G25060,1.1830394915772837,0.22006647691915843,9.549177928926754e-5,0.5657776514443414
AT3G44340,1.1787939300399914,-0.015920619840388867,0.0023899068177251136,0.9715116215802431
AT2G19950,1.178763357455141,0.3004989496551401,4.333748883681853e-7,0.2720760610065912
AT5G20360,1.176987199591224,0.3567727237991569,0.0048591133476337724,0.511569190161528
AT3G13210,1.1761255760164213,-0.18295097696455587,0.005587854256214583,0.9626358437001274
AT3G23255,1.1749682605601957,0.10551925166355874,0.025966681993932383,0.813104750236092
AT5G22450,1.1657073306845482,0.27486757937977857,1.6879214867336622e-6,0.3525461742929232
AT4G12780,1.1656675268489447,0.366410607956548,2.1911162427436284e-7,0.16076098022264787
AT4G31490,1.1640265035932815,0.27286532470248576,1.8340698211012502e-5,0.430430388261589
AT5G42870,1.1624553328818479,0.263696154433044,3.4949823208943904e-5,0.44167675253162114
AT5G01290,1.1602738204160217,0.26450668549789985,4.107101371856045e-5,0.48531875393480345
AT1G32490,1.157565672490778,-0.26131601826830975,2.494188136464019e-4,0.513278873863388
AT4G29010,1.1538121032083657,0.4345866476244732,2.8047098517671526e-7,0.09390309544606443
AT1G79020,1.1516918867511667,-0.4132529308160712,3.3198437519891175e-8,0.07471654347094721
AT2G23140,1.1470797380777822,0.3612032074314862,6.952853004287145e-6,0.26313072193986087
AT2G42700,1.1444182465919248,0.36437228966893137,2.2932751370346797e-6,0.19611034727792534
AT3G57410,1.143960404767607,0.42180689397298665,0.007586502958080803,0.41004152821269985
AT1G56290,1.143737702233186,0.41356251345989753,0.043149843312092415,0.5550067073601372
AT1G78660,1.1418731984992727,0.12450465630465749,0.04557688267755626,0.85793183754422
AT4G19490,1.1408320337095732,0.0032511232686373783,2.6695131585372113e-5,0.9969286830594926
AT3G27530,1.138758268433459,-0.2679394895778138,6.497712525988817e-4,0.5204409280082848
AT1G79000,1.1367550901226566,-0.12499424034495647,4.2335893508320714e-4,0.7585853646346764
AT4G10570,1.13438776063404,-0.059947903318038204,1.0124864316753711e-4,0.8397959944273563
AT3G58530,1.1326091091102723,0.24991496629063767,0.0016862553739242778,0.5654490588203975
AT2G16405,1.1279551523906792,0.37035019131664854,1.5478226439091015e-8,0.12929969604209646
AT1G17270,1.1267427511043757,0.21891085377850364,7.968947716678183e-4,0.669973016105263
AT2G27900,1.1259173767783712,-0.2072743675330757,0.007833626082522258,0.6882661962856201
AT4G27650,1.1180310731112806,0.2309720950212852,5.912201150254921e-9,0.284471976050256
AT3G53930,1.1147685502176214,0.23001899952241783,0.01851386896154698,0.6704084627366954
AT4G16950,1.1141421004366006,0.00700056119663464,0.017086539111732347,0.9933044350384078
AT4G17330,1.1122865354290126,-0.19897891476136695,0.016773566778231972,0.7324694826424049
AT1G05940,1.1102318832642304,0.22004238781288638,3.1467208564118716e-6,0.4455409375354027
AT5G62760,1.1097393906366166,-0.2093495630470854,1.2929062387585169e-5,0.47806478662077795
AT1G52320,1.1094895533391882,0.3923875809545285,1.3568943446175272e-4,0.2394331863070337
AT1G06230,1.105419744212752,0.34501830567897285,5.428326146461415e-7,0.18601753799429563
AT1G32530,1.1042593401892085,-0.018080282582315334,0.0058756488767952786,0.9969853388626622
AT5G20930,1.1042202831121375,-0.11929350162345188,5.997153349601857e-4,0.6902517718700663
AT3G50210,1.1030799107181701,0.37010392618956506,0.0056342268583210505,0.4326333186098298
AT5G60570,1.1024166347303355,0.42870329565976956,8.036830039408742e-4,0.28534070298970554
AT1G30470,1.1020575413970681,-0.34058099529771696,1.2723216931820103e-6,0.19082208454353164
AT4G24740,1.0920758384631357,0.14009250346203844,2.7574588680525627e-8,0.5517360147367963
AT2G47980,1.0915502615171742,0.002592649383753382,0.010784201588444205,0.9942738561259886
AT1G10940,1.0906091394340776,0.2513814617191204,3.5554684950585457e-7,0.340998571228777
AT1G10390,1.0815221340621448,0.21874427150773026,1.2387110843690796e-6,0.43714439569475594
AT1G34360,1.0796748257558721,-0.10145016041764884,0.007431143330467574,0.9276945993440544
AT5G66180,1.0769901444574672,-0.013353969583604087,0.02310712148266591,0.9778823713156723
AT2G39910,1.0759283965865298,0.19594010536752213,0.00931584801443142,0.7810799584994161
AT4G16180,1.0732022733531452,-0.19711390694395572,0.0065075041266573685,0.709825433457113
AT1G09810,1.0724452029905007,0.48243835984551453,2.5980275317314498e-5,0.14264100334680585
AT2G32900,1.06986609506153,0.04661879388428916,0.0015130301990400555,0.8835578161857738
AT4G10730,1.0672868572757,0.38572658285430117,1.043342144882213e-6,0.13753084750108266
AT4G16990,1.0660682635079126,0.4233012229646608,0.00825121034402499,0.37880541565165865
AT3G18480,1.0568088473071975,0.24357035368954638,6.185231824559611e-5,0.4499319345198746
AT4G24490,1.0488829945273883,0.34857395461236856,3.160247586202912e-8,0.16897617680265398
AT3G05670,1.0475576459134572,0.30214491820945333,0.0010264836202094688,0.4341014361024618
AT1G22860,1.0474037140009755,0.15938667192479042,0.022818244032077127,0.7986564273832945
AT5G04220,1.0473742123356073,0.4902494341008836,0.015224456723838257,0.32149048272547054
AT5G10270,1.0468688875089587,0.3997744945717943,0.001344711791319703,0.2899723333979698
AT1G22970,1.045977873344333,0.4717806006911188,1.7294667369255408e-6,0.07164881494708183
AT1G09050,1.0306990424255262,-0.08628448392092132,0.0343996464864596,0.879060782873463
AT3G56150,1.028313498020254,0.047438153521290945,0.005284598685362408,0.9301481010301824
AT1G77740,1.0235247107152141,0.43609675808913934,0.017559996537141586,0.39893977758523635
AT2G30470,1.0158203531022334,-0.30829157760977366,0.004681397850608235,0.4865254873053005
AT1G55590,1.0054049327810626,0.22094528180733863,3.283740295729652e-4,0.5077978147367277
AT1G75340,1.0006007616075256,0.44089765507090956,3.8018041537235778e-6,0.07395696103225913
